"","coord","sample","p2.5","p25","p50","n_reads","p75","p97.5","cycle_num","size","replicate"
"1","Calanoida",NA,NA,NA,NA,0.928819930419483,NA,NA,30,"0.2-0.5mm","C1.T7.H9_S1.2"
"2","Calanoida",NA,NA,NA,NA,0.925274725274725,NA,NA,30,"0.2-0.5mm","C1.T7.H9_S1.1"
"3","Calanoida",NA,NA,NA,NA,0.84083083916556,NA,NA,30,"0.2-0.5mm","C1.T7.H9_S1.3"
"4","Euphausiacea",NA,NA,NA,NA,0.134752571055652,NA,NA,30,"0.2-0.5mm","C1.T7.H9_S1.3"
"5","Euphausiacea",NA,NA,NA,NA,0.0747252747252747,NA,NA,30,"0.2-0.5mm","C1.T7.H9_S1.1"
"6","Euphausiacea",NA,NA,NA,NA,0.0611162207915117,NA,NA,30,"0.2-0.5mm","C1.T7.H9_S1.2"
"7","Cyclopoida",NA,NA,NA,NA,0.0144924274816032,NA,NA,30,"0.2-0.5mm","C1.T7.H9_S1.3"
"8","other",NA,NA,NA,NA,0.00992416229718478,NA,NA,30,"0.2-0.5mm","C1.T7.H9_S1.3"
"9","Cyclopoida",NA,NA,NA,NA,0.00726463256954719,NA,NA,30,"0.2-0.5mm","C1.T7.H9_S1.2"
"10","other",NA,NA,NA,NA,0.00202609935884619,NA,NA,30,"0.2-0.5mm","C1.T7.H9_S1.2"
"11","Siphonophorae",NA,NA,NA,NA,0.000613161648071873,NA,NA,30,"0.2-0.5mm","C1.T7.H9_S1.2"
"12","Salpida",NA,NA,NA,NA,0.000159955212540489,NA,NA,30,"0.2-0.5mm","C1.T7.H9_S1.2"
"13","Cyclopoida",NA,NA,NA,NA,0,NA,NA,30,"0.2-0.5mm","C1.T7.H9_S1.1"
"14","Salpida",NA,NA,NA,NA,0,NA,NA,30,"0.2-0.5mm","C1.T7.H9_S1.1"
"15","Salpida",NA,NA,NA,NA,0,NA,NA,30,"0.2-0.5mm","C1.T7.H9_S1.3"
"16","Siphonophorae",NA,NA,NA,NA,0,NA,NA,30,"0.2-0.5mm","C1.T7.H9_S1.1"
"17","Siphonophorae",NA,NA,NA,NA,0,NA,NA,30,"0.2-0.5mm","C1.T7.H9_S1.3"
"18","other",NA,NA,NA,NA,0,NA,NA,30,"0.2-0.5mm","C1.T7.H9_S1.1"
"19","Cyclopoida",1,0.040523851077607,0.283093915571735,0.532943648173544,0.516789542919429,0.7507081998267,0.946586221902887,0,"0.2-0.5mm","predicted C1.T7.H9_S1"
"20","Calanoida",1,0.0037459977669333,0.0594488516342305,0.16646320409755,0.243843704277711,0.371957279397283,0.811349432265685,0,"0.2-0.5mm","predicted C1.T7.H9_S1"
"21","Euphausiacea",1,0.00239310649490193,0.0227299318312579,0.0596082121032453,0.105109083417377,0.139855914625562,0.462624582135622,0,"0.2-0.5mm","predicted C1.T7.H9_S1"
"22","other",1,2.46114732865313e-05,0.00128755287602872,0.00955727122157063,0.0644004774420268,0.0518124635432506,0.519308464823612,0,"0.2-0.5mm","predicted C1.T7.H9_S1"
"23","Siphonophorae",1,2.37046376594699e-05,0.00120586799791255,0.00766397704310495,0.0546794779020945,0.0410778302803115,0.468707167344443,0,"0.2-0.5mm","predicted C1.T7.H9_S1"
"24","Salpida",1,0.000253036039541722,0.00234862184798479,0.00638366774943094,0.0151777140413625,0.0162959275154988,0.0862848953371169,0,"0.2-0.5mm","predicted C1.T7.H9_S1"
"25","Calanoida",NA,NA,NA,NA,0.978525960579799,NA,NA,30,"0.2-0.5mm","C1.T8.H10_S1.3"
"26","Calanoida",NA,NA,NA,NA,0.973077979671128,NA,NA,30,"0.2-0.5mm","C1.T8.H10_S1.2"
"27","Euphausiacea",NA,NA,NA,NA,0.0229582826419685,NA,NA,30,"0.2-0.5mm","C1.T8.H10_S1.2"
"28","Euphausiacea",NA,NA,NA,NA,0.0174860035278779,NA,NA,30,"0.2-0.5mm","C1.T8.H10_S1.3"
"29","Cyclopoida",NA,NA,NA,NA,0.00398803589232303,NA,NA,30,"0.2-0.5mm","C1.T8.H10_S1.3"
"30","Cyclopoida",NA,NA,NA,NA,0.0036497782661591,NA,NA,30,"0.2-0.5mm","C1.T8.H10_S1.2"
"31","Siphonophorae",NA,NA,NA,NA,0.000313959420744869,NA,NA,30,"0.2-0.5mm","C1.T8.H10_S1.2"
"32","Salpida",NA,NA,NA,NA,0,NA,NA,30,"0.2-0.5mm","C1.T8.H10_S1.2"
"33","Salpida",NA,NA,NA,NA,0,NA,NA,30,"0.2-0.5mm","C1.T8.H10_S1.3"
"34","Siphonophorae",NA,NA,NA,NA,0,NA,NA,30,"0.2-0.5mm","C1.T8.H10_S1.3"
"35","other",NA,NA,NA,NA,0,NA,NA,30,"0.2-0.5mm","C1.T8.H10_S1.2"
"36","other",NA,NA,NA,NA,0,NA,NA,30,"0.2-0.5mm","C1.T8.H10_S1.3"
"37","Cyclopoida",1,0.0319987039834796,0.242260599874326,0.490773913585814,0.489527929061302,0.735965037946353,0.950969404205328,0,"0.2-0.5mm","predicted C1.T8.H10_S1"
"38","Calanoida",1,0.00815803591549132,0.11359457034663,0.295927303963739,0.358101060541614,0.580017247541394,0.915661733426495,0,"0.2-0.5mm","predicted C1.T8.H10_S1"
"39","Siphonophorae",1,2.96599569228971e-05,0.00164353526502323,0.0117171978181018,0.0959420926038162,0.0755319212307421,0.779753465347217,0,"0.2-0.5mm","predicted C1.T8.H10_S1"
"40","Euphausiacea",1,0.000986277868540244,0.00827043678926642,0.0211179172895274,0.0420478769264827,0.0499106707783939,0.216395537913211,0,"0.2-0.5mm","predicted C1.T8.H10_S1"
"41","Salpida",1,1.17084141421065e-06,6.11754956837395e-05,0.000447844218982264,0.0121434518838845,0.00304863597424719,0.107871886810533,0,"0.2-0.5mm","predicted C1.T8.H10_S1"
"42","other",1,2.37843707476255e-08,2.5333803931297e-06,2.80255590361724e-05,0.00223758898290006,0.000267105942562959,0.0133879887998018,0,"0.2-0.5mm","predicted C1.T8.H10_S1"
"43","Calanoida",NA,NA,NA,NA,0.977478912682575,NA,NA,30,"0.2-0.5mm","C2.T8.H18_S1.3"
"44","Calanoida",NA,NA,NA,NA,0.975376394555367,NA,NA,30,"0.2-0.5mm","C2.T8.H18_S1.2"
"45","Calanoida",NA,NA,NA,NA,0.958883994126285,NA,NA,30,"0.2-0.5mm","C2.T8.H18_S1.1"
"46","Euphausiacea",NA,NA,NA,NA,0.0302076777847703,NA,NA,30,"0.2-0.5mm","C2.T8.H18_S1.1"
"47","Euphausiacea",NA,NA,NA,NA,0.0194605913997906,NA,NA,30,"0.2-0.5mm","C2.T8.H18_S1.2"
"48","Euphausiacea",NA,NA,NA,NA,0.0162158536380863,NA,NA,30,"0.2-0.5mm","C2.T8.H18_S1.3"
"49","Cyclopoida",NA,NA,NA,NA,0.00734214390602056,NA,NA,30,"0.2-0.5mm","C2.T8.H18_S1.1"
"50","Cyclopoida",NA,NA,NA,NA,0.00622138748679422,NA,NA,30,"0.2-0.5mm","C2.T8.H18_S1.3"
"51","Cyclopoida",NA,NA,NA,NA,0.00429649420514857,NA,NA,30,"0.2-0.5mm","C2.T8.H18_S1.2"
"52","Siphonophorae",NA,NA,NA,NA,0.00356618418292427,NA,NA,30,"0.2-0.5mm","C2.T8.H18_S1.1"
"53","Siphonophorae",NA,NA,NA,NA,0.000613784886449796,NA,NA,30,"0.2-0.5mm","C2.T8.H18_S1.2"
"54","other",NA,NA,NA,NA,0.000252734953244034,NA,NA,30,"0.2-0.5mm","C2.T8.H18_S1.2"
"55","other",NA,NA,NA,NA,8.38461925443966e-05,NA,NA,30,"0.2-0.5mm","C2.T8.H18_S1.3"
"56","Salpida",NA,NA,NA,NA,0,NA,NA,30,"0.2-0.5mm","C2.T8.H18_S1.1"
"57","Salpida",NA,NA,NA,NA,0,NA,NA,30,"0.2-0.5mm","C2.T8.H18_S1.2"
"58","Salpida",NA,NA,NA,NA,0,NA,NA,30,"0.2-0.5mm","C2.T8.H18_S1.3"
"59","Siphonophorae",NA,NA,NA,NA,0,NA,NA,30,"0.2-0.5mm","C2.T8.H18_S1.3"
"60","other",NA,NA,NA,NA,0,NA,NA,30,"0.2-0.5mm","C2.T8.H18_S1.1"
"61","Cyclopoida",1,0.0335886035721293,0.277588550526846,0.537032903187972,0.518499090435673,0.761214799670904,0.954991926134715,0,"0.2-0.5mm","predicted C2.T8.H18_S1"
"62","Calanoida",1,0.00417180216230963,0.0685460416889929,0.202133870845769,0.287197541365323,0.460156972930867,0.881753439620433,0,"0.2-0.5mm","predicted C2.T8.H18_S1"
"63","Siphonophorae",1,9.19104875916166e-05,0.0048869785218581,0.0325200723484651,0.147509609895023,0.170936951928618,0.874773513595985,0,"0.2-0.5mm","predicted C2.T8.H18_S1"
"64","Euphausiacea",1,0.000576662533438296,0.00594004209627843,0.0158069481160167,0.0331880573423323,0.038830159350494,0.175242413852705,0,"0.2-0.5mm","predicted C2.T8.H18_S1"
"65","other",1,2.37371180415187e-06,0.000129150271576922,0.000851444890209781,0.00833672537255669,0.00445631025729488,0.0657495475348382,0,"0.2-0.5mm","predicted C2.T8.H18_S1"
"66","Salpida",1,1.96135965726795e-06,5.56728537352311e-05,0.000317406103639863,0.00526897558909214,0.00170420329610503,0.0385818050399212,0,"0.2-0.5mm","predicted C2.T8.H18_S1"
"67","Calanoida",NA,NA,NA,NA,0.943412162162162,NA,NA,30,"0.2-0.5mm","C3.T6.H25_S1.3"
"68","Calanoida",NA,NA,NA,NA,0.929573934837093,NA,NA,30,"0.2-0.5mm","C3.T6.H25_S1.1"
"69","Calanoida",NA,NA,NA,NA,0.912326827788452,NA,NA,30,"0.2-0.5mm","C3.T6.H25_S1.2"
"70","Euphausiacea",NA,NA,NA,NA,0.0646678127212054,NA,NA,30,"0.2-0.5mm","C3.T6.H25_S1.2"
"71","Euphausiacea",NA,NA,NA,NA,0.0565878378378378,NA,NA,30,"0.2-0.5mm","C3.T6.H25_S1.3"
"72","Euphausiacea",NA,NA,NA,NA,0.056140350877193,NA,NA,30,"0.2-0.5mm","C3.T6.H25_S1.1"
"73","other",NA,NA,NA,NA,0.0181009202143796,NA,NA,30,"0.2-0.5mm","C3.T6.H25_S1.2"
"74","other",NA,NA,NA,NA,0.00927318295739348,NA,NA,30,"0.2-0.5mm","C3.T6.H25_S1.1"
"75","Cyclopoida",NA,NA,NA,NA,0.0050125313283208,NA,NA,30,"0.2-0.5mm","C3.T6.H25_S1.1"
"76","Cyclopoida",NA,NA,NA,NA,0.00427242390534938,NA,NA,30,"0.2-0.5mm","C3.T6.H25_S1.2"
"77","Siphonophorae",NA,NA,NA,NA,0.000632015370613813,NA,NA,30,"0.2-0.5mm","C3.T6.H25_S1.2"
"78","Cyclopoida",NA,NA,NA,NA,0,NA,NA,30,"0.2-0.5mm","C3.T6.H25_S1.3"
"79","Salpida",NA,NA,NA,NA,0,NA,NA,30,"0.2-0.5mm","C3.T6.H25_S1.1"
"80","Salpida",NA,NA,NA,NA,0,NA,NA,30,"0.2-0.5mm","C3.T6.H25_S1.2"
"81","Salpida",NA,NA,NA,NA,0,NA,NA,30,"0.2-0.5mm","C3.T6.H25_S1.3"
"82","Siphonophorae",NA,NA,NA,NA,0,NA,NA,30,"0.2-0.5mm","C3.T6.H25_S1.1"
"83","Siphonophorae",NA,NA,NA,NA,0,NA,NA,30,"0.2-0.5mm","C3.T6.H25_S1.3"
"84","other",NA,NA,NA,NA,0,NA,NA,30,"0.2-0.5mm","C3.T6.H25_S1.3"
"85","Calanoida",1,0.00804693650216657,0.148941192517328,0.360229554516636,0.394847063043215,0.622893662985663,0.914879913368554,0,"0.2-0.5mm","predicted C3.T6.H25_S1"
"86","Cyclopoida",1,0.0120055640808066,0.102706435820833,0.242056020461374,0.303477207549977,0.465659430941745,0.842984666902768,0,"0.2-0.5mm","predicted C3.T6.H25_S1"
"87","Euphausiacea",1,0.00355405525319006,0.0326472972357211,0.0786420478111304,0.124256237073113,0.167781745764278,0.500133297633632,0,"0.2-0.5mm","predicted C3.T6.H25_S1"
"88","other",1,4.53352262320469e-05,0.00277578397235075,0.0218838164586394,0.110570616823671,0.118428397034129,0.724604370826637,0,"0.2-0.5mm","predicted C3.T6.H25_S1"
"89","Siphonophorae",1,2.36779013389944e-05,0.00153671523624332,0.0106471518772046,0.0619269879485405,0.054714686365211,0.47329830056556,0,"0.2-0.5mm","predicted C3.T6.H25_S1"
"90","Salpida",1,1.24232147839255e-06,4.19193264434813e-05,0.000268208610452792,0.0049218875614841,0.00150535124840879,0.0367585350154139,0,"0.2-0.5mm","predicted C3.T6.H25_S1"
"91","Calanoida",NA,NA,NA,NA,0.982002399680043,NA,NA,30,"0.2-0.5mm","C3.T7.H26_S1.3"
"92","Calanoida",NA,NA,NA,NA,0.957025648259163,NA,NA,30,"0.2-0.5mm","C3.T7.H26_S1.2"
"93","Calanoida",NA,NA,NA,NA,0.932862679955703,NA,NA,30,"0.2-0.5mm","C3.T7.H26_S1.1"
"94","other",NA,NA,NA,NA,0.0325765965300849,NA,NA,30,"0.2-0.5mm","C3.T7.H26_S1.1"
"95","other",NA,NA,NA,NA,0.020194183886969,NA,NA,30,"0.2-0.5mm","C3.T7.H26_S1.2"
"96","Cyclopoida",NA,NA,NA,NA,0.0191491325212255,NA,NA,30,"0.2-0.5mm","C3.T7.H26_S1.1"
"97","Euphausiacea",NA,NA,NA,NA,0.0135197489848653,NA,NA,30,"0.2-0.5mm","C3.T7.H26_S1.1"
"98","Euphausiacea",NA,NA,NA,NA,0.013188518231187,NA,NA,30,"0.2-0.5mm","C3.T7.H26_S1.2"
"99","Euphausiacea",NA,NA,NA,NA,0.00935430831444696,NA,NA,30,"0.2-0.5mm","C3.T7.H26_S1.3"
"100","Cyclopoida",NA,NA,NA,NA,0.00811058607800268,NA,NA,30,"0.2-0.5mm","C3.T7.H26_S1.2"
"101","other",NA,NA,NA,NA,0.00464382526774208,NA,NA,30,"0.2-0.5mm","C3.T7.H26_S1.3"
"102","Cyclopoida",NA,NA,NA,NA,0.0039994667377683,NA,NA,30,"0.2-0.5mm","C3.T7.H26_S1.3"
"103","Siphonophorae",NA,NA,NA,NA,0.00189184200812108,NA,NA,30,"0.2-0.5mm","C3.T7.H26_S1.1"
"104","Siphonophorae",NA,NA,NA,NA,0.00148106354467875,NA,NA,30,"0.2-0.5mm","C3.T7.H26_S1.2"
"105","Salpida",NA,NA,NA,NA,0,NA,NA,30,"0.2-0.5mm","C3.T7.H26_S1.1"
"106","Salpida",NA,NA,NA,NA,0,NA,NA,30,"0.2-0.5mm","C3.T7.H26_S1.2"
"107","Salpida",NA,NA,NA,NA,0,NA,NA,30,"0.2-0.5mm","C3.T7.H26_S1.3"
"108","Siphonophorae",NA,NA,NA,NA,0,NA,NA,30,"0.2-0.5mm","C3.T7.H26_S1.3"
"109","Cyclopoida",1,0.0235981409997072,0.251993223936495,0.504240469995511,0.497287718888576,0.745399017574933,0.951036534576498,0,"0.2-0.5mm","predicted C3.T7.H26_S1"
"110","Calanoida",1,0.00127983530991596,0.0364205646688596,0.130057889852289,0.228448224435143,0.354204307142847,0.847858117502044,0,"0.2-0.5mm","predicted C3.T7.H26_S1"
"111","other",1,0.000169481441542454,0.00794352933774853,0.0500880929950574,0.157071140375875,0.214494349430371,0.812567998965605,0,"0.2-0.5mm","predicted C3.T7.H26_S1"
"112","Siphonophorae",1,9.70729427009838e-05,0.00464442236190094,0.0268286857350178,0.10129784191942,0.113299405874087,0.644018927005092,0,"0.2-0.5mm","predicted C3.T7.H26_S1"
"113","Euphausiacea",1,0.000133689629967748,0.00196867855670217,0.00574351472269284,0.0141323257325582,0.0153525894549465,0.0796002502540977,0,"0.2-0.5mm","predicted C3.T7.H26_S1"
"114","Salpida",1,8.12001863723149e-07,2.41619990644016e-05,0.000121704476313166,0.0017627486484284,0.00062003776213038,0.0124369638243785,0,"0.2-0.5mm","predicted C3.T7.H26_S1"
"115","Calanoida",NA,NA,NA,NA,0.9989811101048,NA,NA,30,"0.2-0.5mm","CT1.T1.H28_S1.3"
"116","Calanoida",NA,NA,NA,NA,0.995627261761158,NA,NA,30,"0.2-0.5mm","CT1.T1.H28_S1.1"
"117","Calanoida",NA,NA,NA,NA,0.981592872603303,NA,NA,30,"0.2-0.5mm","CT1.T1.H28_S1.2"
"118","other",NA,NA,NA,NA,0.00997614799281374,NA,NA,30,"0.2-0.5mm","CT1.T1.H28_S1.2"
"119","Euphausiacea",NA,NA,NA,NA,0.00454353144602027,NA,NA,30,"0.2-0.5mm","CT1.T1.H28_S1.2"
"120","Cyclopoida",NA,NA,NA,NA,0.00302902096401351,NA,NA,30,"0.2-0.5mm","CT1.T1.H28_S1.2"
"121","other",NA,NA,NA,NA,0.00301568154402895,NA,NA,30,"0.2-0.5mm","CT1.T1.H28_S1.1"
"122","Cyclopoida",NA,NA,NA,NA,0.00135705669481303,NA,NA,30,"0.2-0.5mm","CT1.T1.H28_S1.1"
"123","Cyclopoida",NA,NA,NA,NA,0.000873334195885626,NA,NA,30,"0.2-0.5mm","CT1.T1.H28_S1.3"
"124","Siphonophorae",NA,NA,NA,NA,0.000858426993849984,NA,NA,30,"0.2-0.5mm","CT1.T1.H28_S1.2"
"125","Euphausiacea",NA,NA,NA,NA,0.000145555699314271,NA,NA,30,"0.2-0.5mm","CT1.T1.H28_S1.3"
"126","Euphausiacea",NA,NA,NA,NA,0,NA,NA,30,"0.2-0.5mm","CT1.T1.H28_S1.1"
"127","Salpida",NA,NA,NA,NA,0,NA,NA,30,"0.2-0.5mm","CT1.T1.H28_S1.1"
"128","Salpida",NA,NA,NA,NA,0,NA,NA,30,"0.2-0.5mm","CT1.T1.H28_S1.2"
"129","Salpida",NA,NA,NA,NA,0,NA,NA,30,"0.2-0.5mm","CT1.T1.H28_S1.3"
"130","Siphonophorae",NA,NA,NA,NA,0,NA,NA,30,"0.2-0.5mm","CT1.T1.H28_S1.1"
"131","Siphonophorae",NA,NA,NA,NA,0,NA,NA,30,"0.2-0.5mm","CT1.T1.H28_S1.3"
"132","other",NA,NA,NA,NA,0,NA,NA,30,"0.2-0.5mm","CT1.T1.H28_S1.3"
"133","Calanoida",1,0.0127066630246096,0.212653028761215,0.498340713395078,0.496442588894268,0.780542718736537,0.973718841048179,0,"0.2-0.5mm","predicted CT1.T1.H28_S1"
"134","Cyclopoida",1,0.01534037668685,0.128107548272621,0.30430718507479,0.35286801755151,0.5446011656942,0.883378649908805,0,"0.2-0.5mm","predicted CT1.T1.H28_S1"
"135","other",1,1.93207931936231e-05,0.00136169761252862,0.0106736132659992,0.0749437265536709,0.063316687519413,0.588578639311962,0,"0.2-0.5mm","predicted CT1.T1.H28_S1"
"136","Siphonophorae",1,1.89373825265768e-05,0.00142107772078659,0.0102665062233641,0.0717421983497519,0.0610969416550302,0.584644012089142,0,"0.2-0.5mm","predicted CT1.T1.H28_S1"
"137","Euphausiacea",1,6.13463769827828e-05,0.000500204533100024,0.00125344110863606,0.00275292200801935,0.0029282133585192,0.0142974705475577,0,"0.2-0.5mm","predicted CT1.T1.H28_S1"
"138","Salpida",1,2.62015016579629e-07,9.20750868243157e-06,5.64889534774092e-05,0.00125054664277984,0.000316201912334116,0.00875706078940857,0,"0.2-0.5mm","predicted CT1.T1.H28_S1"
"139","Calanoida",NA,NA,NA,NA,0.98497434644515,NA,NA,30,"0.2-0.5mm","CT1.T2.H29_S1.3"
"140","Calanoida",NA,NA,NA,NA,0.973553184610411,NA,NA,30,"0.2-0.5mm","CT1.T2.H29_S1.1"
"141","Calanoida",NA,NA,NA,NA,0.968960704527137,NA,NA,30,"0.2-0.5mm","CT1.T2.H29_S1.2"
"142","Euphausiacea",NA,NA,NA,NA,0.0205421556486014,NA,NA,30,"0.2-0.5mm","CT1.T2.H29_S1.2"
"143","Euphausiacea",NA,NA,NA,NA,0.0204978984804397,NA,NA,30,"0.2-0.5mm","CT1.T2.H29_S1.1"
"144","Euphausiacea",NA,NA,NA,NA,0.010798924993892,NA,NA,30,"0.2-0.5mm","CT1.T2.H29_S1.3"
"145","other",NA,NA,NA,NA,0.00566137878162411,NA,NA,30,"0.2-0.5mm","CT1.T2.H29_S1.2"
"146","Cyclopoida",NA,NA,NA,NA,0.00483576104263726,NA,NA,30,"0.2-0.5mm","CT1.T2.H29_S1.2"
"147","other",NA,NA,NA,NA,0.00365341092790171,NA,NA,30,"0.2-0.5mm","CT1.T2.H29_S1.1"
"148","other",NA,NA,NA,NA,0.00295626679697044,NA,NA,30,"0.2-0.5mm","CT1.T2.H29_S1.3"
"149","Cyclopoida",NA,NA,NA,NA,0.00229550598124798,NA,NA,30,"0.2-0.5mm","CT1.T2.H29_S1.1"
"150","Cyclopoida",NA,NA,NA,NA,0.0012704617639873,NA,NA,30,"0.2-0.5mm","CT1.T2.H29_S1.3"
"151","Salpida",NA,NA,NA,NA,0,NA,NA,30,"0.2-0.5mm","CT1.T2.H29_S1.1"
"152","Salpida",NA,NA,NA,NA,0,NA,NA,30,"0.2-0.5mm","CT1.T2.H29_S1.2"
"153","Salpida",NA,NA,NA,NA,0,NA,NA,30,"0.2-0.5mm","CT1.T2.H29_S1.3"
"154","Siphonophorae",NA,NA,NA,NA,0,NA,NA,30,"0.2-0.5mm","CT1.T2.H29_S1.1"
"155","Siphonophorae",NA,NA,NA,NA,0,NA,NA,30,"0.2-0.5mm","CT1.T2.H29_S1.2"
"156","Siphonophorae",NA,NA,NA,NA,0,NA,NA,30,"0.2-0.5mm","CT1.T2.H29_S1.3"
"157","Calanoida",1,0.006400489509127,0.135890079099418,0.362577514835713,0.402623825388931,0.648414109789228,0.938543341818562,0,"0.2-0.5mm","predicted CT1.T2.H29_S1"
"158","Cyclopoida",1,0.018864929170267,0.155937384707328,0.348218521858291,0.385310503228173,0.590245930692063,0.900725039986743,0,"0.2-0.5mm","predicted CT1.T2.H29_S1"
"159","other",1,6.77056884725662e-05,0.00446396287063375,0.0326812567620103,0.15486048723302,0.183329980353562,0.894013315430381,0,"0.2-0.5mm","predicted CT1.T2.H29_S1"
"160","Euphausiacea",1,0.000757422154723809,0.00769440813168418,0.0194661696778085,0.0390733545319826,0.0469000704493279,0.200237432230851,0,"0.2-0.5mm","predicted CT1.T2.H29_S1"
"161","Siphonophorae",1,6.08557708110798e-09,2.66709706145143e-06,4.69390116288656e-05,0.013007001480077,0.000828871911312882,0.118958496660893,0,"0.2-0.5mm","predicted CT1.T2.H29_S1"
"162","Salpida",1,4.6649797808336e-07,2.42837955797107e-05,0.000165444148849472,0.00512482813781712,0.0011581118652726,0.0392116638340343,0,"0.2-0.5mm","predicted CT1.T2.H29_S1"
"163","Calanoida",NA,NA,NA,NA,0.992421602787456,NA,NA,30,"0.2-0.5mm","CT1.T3.H30_S1.3"
"164","Calanoida",NA,NA,NA,NA,0.962979860522714,NA,NA,30,"0.2-0.5mm","CT1.T3.H30_S1.2"
"165","Calanoida",NA,NA,NA,NA,0.951955068526602,NA,NA,30,"0.2-0.5mm","CT1.T3.H30_S1.1"
"166","Euphausiacea",NA,NA,NA,NA,0.0240835139342511,NA,NA,30,"0.2-0.5mm","CT1.T3.H30_S1.1"
"167","Euphausiacea",NA,NA,NA,NA,0.019129244606661,NA,NA,30,"0.2-0.5mm","CT1.T3.H30_S1.2"
"168","other",NA,NA,NA,NA,0.0178565977839504,NA,NA,30,"0.2-0.5mm","CT1.T3.H30_S1.1"
"169","other",NA,NA,NA,NA,0.0140454930587238,NA,NA,30,"0.2-0.5mm","CT1.T3.H30_S1.2"
"170","Cyclopoida",NA,NA,NA,NA,0.00579957876743689,NA,NA,30,"0.2-0.5mm","CT1.T3.H30_S1.1"
"171","Euphausiacea",NA,NA,NA,NA,0.00566202090592335,NA,NA,30,"0.2-0.5mm","CT1.T3.H30_S1.3"
"172","Cyclopoida",NA,NA,NA,NA,0.00384540181190119,NA,NA,30,"0.2-0.5mm","CT1.T3.H30_S1.2"
"173","Cyclopoida",NA,NA,NA,NA,0.00191637630662021,NA,NA,30,"0.2-0.5mm","CT1.T3.H30_S1.3"
"174","Siphonophorae",NA,NA,NA,NA,0.000305240987759836,NA,NA,30,"0.2-0.5mm","CT1.T3.H30_S1.1"
"175","Salpida",NA,NA,NA,NA,0,NA,NA,30,"0.2-0.5mm","CT1.T3.H30_S1.1"
"176","Salpida",NA,NA,NA,NA,0,NA,NA,30,"0.2-0.5mm","CT1.T3.H30_S1.2"
"177","Salpida",NA,NA,NA,NA,0,NA,NA,30,"0.2-0.5mm","CT1.T3.H30_S1.3"
"178","Siphonophorae",NA,NA,NA,NA,0,NA,NA,30,"0.2-0.5mm","CT1.T3.H30_S1.2"
"179","Siphonophorae",NA,NA,NA,NA,0,NA,NA,30,"0.2-0.5mm","CT1.T3.H30_S1.3"
"180","other",NA,NA,NA,NA,0,NA,NA,30,"0.2-0.5mm","CT1.T3.H30_S1.3"
"181","Cyclopoida",1,0.0260336040637133,0.207699215673461,0.430244770805266,0.444200921882875,0.666927711191845,0.927528520860353,0,"0.2-0.5mm","predicted CT1.T3.H30_S1"
"182","Calanoida",1,0.00552337018797916,0.10940363567892,0.304513162467269,0.364916563874479,0.592365668934872,0.926143566545621,0,"0.2-0.5mm","predicted CT1.T3.H30_S1"
"183","other",1,6.24672105461961e-05,0.00357215373180011,0.0256739528085409,0.131429083034992,0.150888076808756,0.822205274464855,0,"0.2-0.5mm","predicted CT1.T3.H30_S1"
"184","Euphausiacea",1,0.000552599188217148,0.00555789899839452,0.0143203492223618,0.0297729466041834,0.0342304050444822,0.156057274508403,0,"0.2-0.5mm","predicted CT1.T3.H30_S1"
"185","Siphonophorae",1,7.83896991842028e-06,0.000480217617888072,0.00310675214912319,0.0256190808334046,0.0170082378658171,0.231172126471787,0,"0.2-0.5mm","predicted CT1.T3.H30_S1"
"186","Salpida",1,8.2483392314225e-07,2.91680419259879e-05,0.000181560979440808,0.00406140377006593,0.00106388277794108,0.0298094233057584,0,"0.2-0.5mm","predicted CT1.T3.H30_S1"
"187","Calanoida",NA,NA,NA,NA,0.85003130870382,NA,NA,30,"0.2-0.5mm","CT1.T4.H31_S1.2"
"188","Calanoida",NA,NA,NA,NA,0.63609576427256,NA,NA,30,"0.2-0.5mm","CT1.T4.H31_S1.1"
"189","Calanoida",NA,NA,NA,NA,0.552823683656788,NA,NA,30,"0.2-0.5mm","CT1.T4.H31_S1.3"
"190","other",NA,NA,NA,NA,0.413857011055179,NA,NA,30,"0.2-0.5mm","CT1.T4.H31_S1.3"
"191","other",NA,NA,NA,NA,0.347513812154696,NA,NA,30,"0.2-0.5mm","CT1.T4.H31_S1.1"
"192","other",NA,NA,NA,NA,0.140262993112085,NA,NA,30,"0.2-0.5mm","CT1.T4.H31_S1.2"
"193","Euphausiacea",NA,NA,NA,NA,0.0319272915621308,NA,NA,30,"0.2-0.5mm","CT1.T4.H31_S1.3"
"194","Euphausiacea",NA,NA,NA,NA,0.016390423572744,NA,NA,30,"0.2-0.5mm","CT1.T4.H31_S1.1"
"195","Euphausiacea",NA,NA,NA,NA,0.00970569818409518,NA,NA,30,"0.2-0.5mm","CT1.T4.H31_S1.2"
"196","Cyclopoida",NA,NA,NA,NA,0.00139201372590279,NA,NA,30,"0.2-0.5mm","CT1.T4.H31_S1.3"
"197","Cyclopoida",NA,NA,NA,NA,0,NA,NA,30,"0.2-0.5mm","CT1.T4.H31_S1.1"
"198","Cyclopoida",NA,NA,NA,NA,0,NA,NA,30,"0.2-0.5mm","CT1.T4.H31_S1.2"
"199","Salpida",NA,NA,NA,NA,0,NA,NA,30,"0.2-0.5mm","CT1.T4.H31_S1.1"
"200","Salpida",NA,NA,NA,NA,0,NA,NA,30,"0.2-0.5mm","CT1.T4.H31_S1.2"
"201","Salpida",NA,NA,NA,NA,0,NA,NA,30,"0.2-0.5mm","CT1.T4.H31_S1.3"
"202","Siphonophorae",NA,NA,NA,NA,0,NA,NA,30,"0.2-0.5mm","CT1.T4.H31_S1.1"
"203","Siphonophorae",NA,NA,NA,NA,0,NA,NA,30,"0.2-0.5mm","CT1.T4.H31_S1.2"
"204","Siphonophorae",NA,NA,NA,NA,0,NA,NA,30,"0.2-0.5mm","CT1.T4.H31_S1.3"
"205","other",1,0.0078698528250864,0.38153755867435,0.836183455826262,0.674756734119553,0.975130659785147,0.999363625417113,0,"0.2-0.5mm","predicted CT1.T4.H31_S1"
"206","Calanoida",1,8.98472304938708e-05,0.00966353691418439,0.0861746870554342,0.236215838186965,0.405738681518776,0.927911511326807,0,"0.2-0.5mm","predicted CT1.T4.H31_S1"
"207","Cyclopoida",1,0.000146519150597045,0.004639643134319,0.020043977844871,0.0596940825860379,0.0669514147075964,0.36789531676708,0,"0.2-0.5mm","predicted CT1.T4.H31_S1"
"208","Euphausiacea",1,2.7335569370195e-05,0.00136514115546312,0.00743261305024812,0.0255033748185661,0.027588823452519,0.162119933927169,0,"0.2-0.5mm","predicted CT1.T4.H31_S1"
"209","Siphonophorae",1,7.84470857099924e-09,9.34097104234754e-07,1.05447844540719e-05,0.00225058646646858,0.000117625570062442,0.0103983807396244,0,"0.2-0.5mm","predicted CT1.T4.H31_S1"
"210","Salpida",1,4.90623633702958e-08,3.42716624918162e-06,2.5434234046783e-05,0.0015793838224086,0.000196842275004661,0.00901280251600288,0,"0.2-0.5mm","predicted CT1.T4.H31_S1"
"211","Calanoida",NA,NA,NA,NA,0.994815070860698,NA,NA,30,"0.2-0.5mm","CT1.T5.H32_S1.1"
"212","Calanoida",NA,NA,NA,NA,0.990364557464985,NA,NA,30,"0.2-0.5mm","CT1.T5.H32_S1.3"
"213","Calanoida",NA,NA,NA,NA,0.978488559458588,NA,NA,30,"0.2-0.5mm","CT1.T5.H32_S1.2"
"214","Cyclopoida",NA,NA,NA,NA,0.00898324202384789,NA,NA,30,"0.2-0.5mm","CT1.T5.H32_S1.2"
"215","other",NA,NA,NA,NA,0.00660650982919755,NA,NA,30,"0.2-0.5mm","CT1.T5.H32_S1.2"
"216","Euphausiacea",NA,NA,NA,NA,0.00567998710924911,NA,NA,30,"0.2-0.5mm","CT1.T5.H32_S1.2"
"217","Cyclopoida",NA,NA,NA,NA,0.00511572464487931,NA,NA,30,"0.2-0.5mm","CT1.T5.H32_S1.3"
"218","other",NA,NA,NA,NA,0.00236747127578557,NA,NA,30,"0.2-0.5mm","CT1.T5.H32_S1.3"
"219","Euphausiacea",NA,NA,NA,NA,0.00228136882129278,NA,NA,30,"0.2-0.5mm","CT1.T5.H32_S1.1"
"220","Euphausiacea",NA,NA,NA,NA,0.00215224661435052,NA,NA,30,"0.2-0.5mm","CT1.T5.H32_S1.3"
"221","Cyclopoida",NA,NA,NA,NA,0.00214310404424473,NA,NA,30,"0.2-0.5mm","CT1.T5.H32_S1.1"
"222","other",NA,NA,NA,NA,0.000414794331144141,NA,NA,30,"0.2-0.5mm","CT1.T5.H32_S1.1"
"223","Siphonophorae",NA,NA,NA,NA,0.000345661942620118,NA,NA,30,"0.2-0.5mm","CT1.T5.H32_S1.1"
"224","Siphonophorae",NA,NA,NA,NA,0.000241701579116984,NA,NA,30,"0.2-0.5mm","CT1.T5.H32_S1.2"
"225","Salpida",NA,NA,NA,NA,0,NA,NA,30,"0.2-0.5mm","CT1.T5.H32_S1.1"
"226","Salpida",NA,NA,NA,NA,0,NA,NA,30,"0.2-0.5mm","CT1.T5.H32_S1.2"
"227","Salpida",NA,NA,NA,NA,0,NA,NA,30,"0.2-0.5mm","CT1.T5.H32_S1.3"
"228","Siphonophorae",NA,NA,NA,NA,0,NA,NA,30,"0.2-0.5mm","CT1.T5.H32_S1.3"
"229","Cyclopoida",1,0.0362687339996455,0.272710125707523,0.524504720163233,0.51106259749677,0.752790652476152,0.951133345256932,0,"0.2-0.5mm","predicted CT1.T5.H32_S1"
"230","Calanoida",1,0.00591831091336035,0.0909737839953443,0.26767216048654,0.340221061963024,0.551369713776346,0.926661921225214,0,"0.2-0.5mm","predicted CT1.T5.H32_S1"
"231","other",1,3.22370837380278e-05,0.00178518324669059,0.0128354305792037,0.0810855317660963,0.0723535643256025,0.620928952648225,0,"0.2-0.5mm","predicted CT1.T5.H32_S1"
"232","Siphonophorae",1,2.2349149054725e-05,0.00120917070554797,0.00797715601020886,0.0583811510341418,0.0442180868111003,0.505166032019312,0,"0.2-0.5mm","predicted CT1.T5.H32_S1"
"233","Euphausiacea",1,0.00010833341449241,0.00104641422626267,0.00272426526859092,0.00632379123259518,0.00683694915015257,0.0349642687868583,0,"0.2-0.5mm","predicted CT1.T5.H32_S1"
"234","Salpida",1,7.08252852135796e-07,2.47615974202012e-05,0.00015027060386686,0.00292586650737223,0.000850185479715365,0.0228487091875335,0,"0.2-0.5mm","predicted CT1.T5.H32_S1"
"235","Calanoida",NA,NA,NA,NA,0.991319356952074,NA,NA,30,"0.2-0.5mm","CT1.T6.H33_S1.3"
"236","Calanoida",NA,NA,NA,NA,0.959040547439698,NA,NA,30,"0.2-0.5mm","CT1.T6.H33_S1.2"
"237","Calanoida",NA,NA,NA,NA,0.957346401669843,NA,NA,30,"0.2-0.5mm","CT1.T6.H33_S1.1"
"238","other",NA,NA,NA,NA,0.0397948997186678,NA,NA,30,"0.2-0.5mm","CT1.T6.H33_S1.1"
"239","other",NA,NA,NA,NA,0.0370453303716177,NA,NA,30,"0.2-0.5mm","CT1.T6.H33_S1.2"
"240","other",NA,NA,NA,NA,0.00713097817870282,NA,NA,30,"0.2-0.5mm","CT1.T6.H33_S1.3"
"241","Cyclopoida",NA,NA,NA,NA,0.00210484831656919,NA,NA,30,"0.2-0.5mm","CT1.T6.H33_S1.2"
"242","Cyclopoida",NA,NA,NA,NA,0.00190579907432616,NA,NA,30,"0.2-0.5mm","CT1.T6.H33_S1.1"
"243","Siphonophorae",NA,NA,NA,NA,0.000976291346834219,NA,NA,30,"0.2-0.5mm","CT1.T6.H33_S1.2"
"244","Siphonophorae",NA,NA,NA,NA,0.000952899537163082,NA,NA,30,"0.2-0.5mm","CT1.T6.H33_S1.1"
"245","Euphausiacea",NA,NA,NA,NA,0.000832982525280572,NA,NA,30,"0.2-0.5mm","CT1.T6.H33_S1.2"
"246","Cyclopoida",NA,NA,NA,NA,0.000604747266038401,NA,NA,30,"0.2-0.5mm","CT1.T6.H33_S1.3"
"247","Siphonophorae",NA,NA,NA,NA,0.000478758252280401,NA,NA,30,"0.2-0.5mm","CT1.T6.H33_S1.3"
"248","Euphausiacea",NA,NA,NA,NA,0.000466159350904601,NA,NA,30,"0.2-0.5mm","CT1.T6.H33_S1.3"
"249","Euphausiacea",NA,NA,NA,NA,0,NA,NA,30,"0.2-0.5mm","CT1.T6.H33_S1.1"
"250","Salpida",NA,NA,NA,NA,0,NA,NA,30,"0.2-0.5mm","CT1.T6.H33_S1.1"
"251","Salpida",NA,NA,NA,NA,0,NA,NA,30,"0.2-0.5mm","CT1.T6.H33_S1.2"
"252","Salpida",NA,NA,NA,NA,0,NA,NA,30,"0.2-0.5mm","CT1.T6.H33_S1.3"
"253","Calanoida",1,0.00111922577361329,0.0701687444162986,0.301299803535867,0.377050409098789,0.66026067423627,0.965469245194013,0,"0.2-0.5mm","predicted CT1.T6.H33_S1"
"254","other",1,0.000426033070206891,0.0278772026181739,0.15706858435136,0.271002311226237,0.454860606061997,0.924173542124195,0,"0.2-0.5mm","predicted CT1.T6.H33_S1"
"255","Cyclopoida",1,0.00267997082526709,0.0440628163928733,0.126541839144402,0.200610223818508,0.302686390952077,0.735895628989568,0,"0.2-0.5mm","predicted CT1.T6.H33_S1"
"256","Siphonophorae",1,0.000235114956672085,0.0124930354034711,0.0602644140695725,0.148841302369391,0.201886287417449,0.746023932715289,0,"0.2-0.5mm","predicted CT1.T6.H33_S1"
"257","Salpida",1,4.52432257574539e-07,1.51431949073652e-05,8.830887510503e-05,0.00157016414225937,0.000473794381143112,0.0116951550593992,0,"0.2-0.5mm","predicted CT1.T6.H33_S1"
"258","Euphausiacea",1,5.31402124714791e-06,0.00012620207286532,0.000379534137944008,0.0009255893448161,0.000983787755410575,0.00501255655950009,0,"0.2-0.5mm","predicted CT1.T6.H33_S1"
"259","Calanoida",NA,NA,NA,NA,0.986938846120578,NA,NA,30,"0.2-0.5mm","CT1.T7.H34_S1.2"
"260","Calanoida",NA,NA,NA,NA,0.983645098640499,NA,NA,30,"0.2-0.5mm","CT1.T7.H34_S1.3"
"261","Calanoida",NA,NA,NA,NA,0.956123348017621,NA,NA,30,"0.2-0.5mm","CT1.T7.H34_S1.1"
"262","Euphausiacea",NA,NA,NA,NA,0.0366519823788546,NA,NA,30,"0.2-0.5mm","CT1.T7.H34_S1.1"
"263","Euphausiacea",NA,NA,NA,NA,0.0161163923813418,NA,NA,30,"0.2-0.5mm","CT1.T7.H34_S1.3"
"264","Euphausiacea",NA,NA,NA,NA,0.0115041951388288,NA,NA,30,"0.2-0.5mm","CT1.T7.H34_S1.2"
"265","other",NA,NA,NA,NA,0.00722466960352423,NA,NA,30,"0.2-0.5mm","CT1.T7.H34_S1.1"
"266","other",NA,NA,NA,NA,0.00129746561716115,NA,NA,30,"0.2-0.5mm","CT1.T7.H34_S1.2"
"267","Cyclopoida",NA,NA,NA,NA,0.000259493123432229,NA,NA,30,"0.2-0.5mm","CT1.T7.H34_S1.2"
"268","Cyclopoida",NA,NA,NA,NA,0.000238508978159392,NA,NA,30,"0.2-0.5mm","CT1.T7.H34_S1.3"
"269","Cyclopoida",NA,NA,NA,NA,0,NA,NA,30,"0.2-0.5mm","CT1.T7.H34_S1.1"
"270","Salpida",NA,NA,NA,NA,0,NA,NA,30,"0.2-0.5mm","CT1.T7.H34_S1.1"
"271","Salpida",NA,NA,NA,NA,0,NA,NA,30,"0.2-0.5mm","CT1.T7.H34_S1.2"
"272","Salpida",NA,NA,NA,NA,0,NA,NA,30,"0.2-0.5mm","CT1.T7.H34_S1.3"
"273","Siphonophorae",NA,NA,NA,NA,0,NA,NA,30,"0.2-0.5mm","CT1.T7.H34_S1.1"
"274","Siphonophorae",NA,NA,NA,NA,0,NA,NA,30,"0.2-0.5mm","CT1.T7.H34_S1.2"
"275","Siphonophorae",NA,NA,NA,NA,0,NA,NA,30,"0.2-0.5mm","CT1.T7.H34_S1.3"
"276","other",NA,NA,NA,NA,0,NA,NA,30,"0.2-0.5mm","CT1.T7.H34_S1.3"
"277","Calanoida",1,0.0189812869879281,0.41788449512789,0.717031632593058,0.630043180996105,0.880177117253383,0.980171279239125,0,"0.2-0.5mm","predicted CT1.T7.H34_S1"
"278","Cyclopoida",1,0.0022906539334571,0.0215093482573454,0.0631563916316126,0.121100777675251,0.159473664157823,0.565531340409939,0,"0.2-0.5mm","predicted CT1.T7.H34_S1"
"279","other",1,1.96844588525428e-05,0.00165422307719461,0.0144857974154618,0.113474497062319,0.101495001859053,0.817057802780891,0,"0.2-0.5mm","predicted CT1.T7.H34_S1"
"280","Euphausiacea",1,0.00231654487920495,0.0187585528313589,0.0453739093270505,0.0774118769421009,0.0981772556608594,0.35284397337848,0,"0.2-0.5mm","predicted CT1.T7.H34_S1"
"281","Siphonophorae",1,2.73376231542087e-08,1.15250020504206e-05,0.000223446706730674,0.0336811024453843,0.00371446755745439,0.466527622512361,0,"0.2-0.5mm","predicted CT1.T7.H34_S1"
"282","Salpida",1,1.12819799424871e-06,8.74629324176379e-05,0.00073701091796246,0.02428856487884,0.00602137475582052,0.249641655302723,0,"0.2-0.5mm","predicted CT1.T7.H34_S1"
"283","Calanoida",NA,NA,NA,NA,0.924488893257323,NA,NA,30,"0.2-0.5mm","CT1.T8.H35_S1.1"
"284","Calanoida",NA,NA,NA,NA,0.868918980531619,NA,NA,30,"0.2-0.5mm","CT1.T8.H35_S1.2"
"285","Calanoida",NA,NA,NA,NA,0.859697222553344,NA,NA,30,"0.2-0.5mm","CT1.T8.H35_S1.3"
"286","Euphausiacea",NA,NA,NA,NA,0.0920416723658414,NA,NA,30,"0.2-0.5mm","CT1.T8.H35_S1.2"
"287","Euphausiacea",NA,NA,NA,NA,0.0835277489229092,NA,NA,30,"0.2-0.5mm","CT1.T8.H35_S1.3"
"288","Euphausiacea",NA,NA,NA,NA,0.0599076076272852,NA,NA,30,"0.2-0.5mm","CT1.T8.H35_S1.1"
"289","other",NA,NA,NA,NA,0.0453655296902406,NA,NA,30,"0.2-0.5mm","CT1.T8.H35_S1.3"
"290","Salpida",NA,NA,NA,NA,0.0163224365111932,NA,NA,30,"0.2-0.5mm","CT1.T8.H35_S1.2"
"291","other",NA,NA,NA,NA,0.0125723795194456,NA,NA,30,"0.2-0.5mm","CT1.T8.H35_S1.2"
"292","Salpida",NA,NA,NA,NA,0.0102712797326519,NA,NA,30,"0.2-0.5mm","CT1.T8.H35_S1.1"
"293","Salpida",NA,NA,NA,NA,0.00887216252575652,NA,NA,30,"0.2-0.5mm","CT1.T8.H35_S1.3"
"294","Cyclopoida",NA,NA,NA,NA,0.00797884466329275,NA,NA,30,"0.2-0.5mm","CT1.T8.H35_S1.2"
"295","Cyclopoida",NA,NA,NA,NA,0.0038824454491842,NA,NA,30,"0.2-0.5mm","CT1.T8.H35_S1.1"
"296","Siphonophorae",NA,NA,NA,NA,0.00216568640860803,NA,NA,30,"0.2-0.5mm","CT1.T8.H35_S1.2"
"297","other",NA,NA,NA,NA,0.00144977393355612,NA,NA,30,"0.2-0.5mm","CT1.T8.H35_S1.1"
"298","Siphonophorae",NA,NA,NA,NA,0.00129421180797984,NA,NA,30,"0.2-0.5mm","CT1.T8.H35_S1.3"
"299","Cyclopoida",NA,NA,NA,NA,0.00124312449977011,NA,NA,30,"0.2-0.5mm","CT1.T8.H35_S1.3"
"300","Siphonophorae",NA,NA,NA,NA,0,NA,NA,30,"0.2-0.5mm","CT1.T8.H35_S1.1"
"301","Salpida",1,0.0517280270284664,0.322036376847757,0.545971687395336,0.524825619952876,0.737440723224721,0.932509095091252,0,"0.2-0.5mm","predicted CT1.T8.H35_S1"
"302","Cyclopoida",1,0.00426649978805974,0.0390913578519569,0.0990857831025176,0.158620264259044,0.221371240426848,0.628309402861253,0,"0.2-0.5mm","predicted CT1.T8.H35_S1"
"303","Calanoida",1,0.000673700581053891,0.0169075272083807,0.0635901455064893,0.143156075121682,0.190539337218769,0.708579877006478,0,"0.2-0.5mm","predicted CT1.T8.H35_S1"
"304","other",1,9.34575898835915e-05,0.00289145340156923,0.0153517784852851,0.0732676731598712,0.0674904980655353,0.544530419695936,0,"0.2-0.5mm","predicted CT1.T8.H35_S1"
"305","Siphonophorae",1,0.000104193232259584,0.00333743246249775,0.0148539172992216,0.0554620616168025,0.0539292446152524,0.39246761583265,0,"0.2-0.5mm","predicted CT1.T8.H35_S1"
"306","Euphausiacea",1,0.000604868323621548,0.00755909121462487,0.0216045561090793,0.0446683058897244,0.0543392270675394,0.23343719439339,0,"0.2-0.5mm","predicted CT1.T8.H35_S1"
"307","Calanoida",NA,NA,NA,NA,0.934859937750111,NA,NA,30,"0.2-0.5mm","CT2.T1.H36_S1.1"
"308","Calanoida",NA,NA,NA,NA,0.93329596412556,NA,NA,30,"0.2-0.5mm","CT2.T1.H36_S1.3"
"309","Calanoida",NA,NA,NA,NA,0.932536157803885,NA,NA,30,"0.2-0.5mm","CT2.T1.H36_S1.2"
"310","Euphausiacea",NA,NA,NA,NA,0.0572683109118087,NA,NA,30,"0.2-0.5mm","CT2.T1.H36_S1.3"
"311","Euphausiacea",NA,NA,NA,NA,0.0390152340411269,NA,NA,30,"0.2-0.5mm","CT2.T1.H36_S1.2"
"312","Euphausiacea",NA,NA,NA,NA,0.0351267229879947,NA,NA,30,"0.2-0.5mm","CT2.T1.H36_S1.1"
"313","Cyclopoida",NA,NA,NA,NA,0.0255669186305024,NA,NA,30,"0.2-0.5mm","CT2.T1.H36_S1.1"
"314","Cyclopoida",NA,NA,NA,NA,0.0169853692872346,NA,NA,30,"0.2-0.5mm","CT2.T1.H36_S1.2"
"315","Cyclopoida",NA,NA,NA,NA,0.00943572496263079,NA,NA,30,"0.2-0.5mm","CT2.T1.H36_S1.3"
"316","other",NA,NA,NA,NA,0.00906668454306256,NA,NA,30,"0.2-0.5mm","CT2.T1.H36_S1.2"
"317","other",NA,NA,NA,NA,0.00444642063139173,NA,NA,30,"0.2-0.5mm","CT2.T1.H36_S1.1"
"318","Salpida",NA,NA,NA,NA,0.00144966397962091,NA,NA,30,"0.2-0.5mm","CT2.T1.H36_S1.2"
"319","Siphonophorae",NA,NA,NA,NA,0.000946890345070305,NA,NA,30,"0.2-0.5mm","CT2.T1.H36_S1.2"
"320","Salpida",NA,NA,NA,NA,0,NA,NA,30,"0.2-0.5mm","CT2.T1.H36_S1.1"
"321","Salpida",NA,NA,NA,NA,0,NA,NA,30,"0.2-0.5mm","CT2.T1.H36_S1.3"
"322","Siphonophorae",NA,NA,NA,NA,0,NA,NA,30,"0.2-0.5mm","CT2.T1.H36_S1.1"
"323","Siphonophorae",NA,NA,NA,NA,0,NA,NA,30,"0.2-0.5mm","CT2.T1.H36_S1.3"
"324","other",NA,NA,NA,NA,0,NA,NA,30,"0.2-0.5mm","CT2.T1.H36_S1.3"
"325","Cyclopoida",1,0.10170856170733,0.474425836458394,0.706038532322357,0.64750036935248,0.86047500998212,0.97114835762165,0,"0.2-0.5mm","predicted CT2.T1.H36_S1"
"326","Calanoida",1,0.00244115159116358,0.0300362561311888,0.0914177982109092,0.17136788281164,0.239968107764534,0.72556967876665,0,"0.2-0.5mm","predicted CT2.T1.H36_S1"
"327","Salpida",1,0.00134850004473562,0.0119902153065472,0.0325402579312639,0.0670373561617662,0.080633405894716,0.348061151452039,0,"0.2-0.5mm","predicted CT2.T1.H36_S1"
"328","Siphonophorae",1,1.49140255776949e-05,0.000731514268131733,0.00453136950856669,0.0386627541706127,0.0250122660375439,0.342183735378083,0,"0.2-0.5mm","predicted CT2.T1.H36_S1"
"329","other",1,1.43886357683876e-05,0.000647939329699424,0.00451987151591961,0.0382993246689895,0.024480831075375,0.34916652978493,0,"0.2-0.5mm","predicted CT2.T1.H36_S1"
"330","Euphausiacea",1,0.000626020346334433,0.00589190037680679,0.0166869782667746,0.0371323128345121,0.0425535051021261,0.20155384861964,0,"0.2-0.5mm","predicted CT2.T1.H36_S1"
"331","Calanoida",NA,NA,NA,NA,0.955255493778131,NA,NA,30,"0.2-0.5mm","CT2.T4.H39_S1.2"
"332","Calanoida",NA,NA,NA,NA,0.927050390048493,NA,NA,30,"0.2-0.5mm","CT2.T4.H39_S1.1"
"333","Euphausiacea",NA,NA,NA,NA,0.0554501370440649,NA,NA,30,"0.2-0.5mm","CT2.T4.H39_S1.1"
"334","Euphausiacea",NA,NA,NA,NA,0.0297524490336246,NA,NA,30,"0.2-0.5mm","CT2.T4.H39_S1.2"
"335","Siphonophorae",NA,NA,NA,NA,0.0174994729074425,NA,NA,30,"0.2-0.5mm","CT2.T4.H39_S1.1"
"336","Siphonophorae",NA,NA,NA,NA,0.0142970611596505,NA,NA,30,"0.2-0.5mm","CT2.T4.H39_S1.2"
"337","other",NA,NA,NA,NA,0.000694996028594122,NA,NA,30,"0.2-0.5mm","CT2.T4.H39_S1.2"
"338","Cyclopoida",NA,NA,NA,NA,0,NA,NA,30,"0.2-0.5mm","CT2.T4.H39_S1.1"
"339","Cyclopoida",NA,NA,NA,NA,0,NA,NA,30,"0.2-0.5mm","CT2.T4.H39_S1.2"
"340","Salpida",NA,NA,NA,NA,0,NA,NA,30,"0.2-0.5mm","CT2.T4.H39_S1.1"
"341","Salpida",NA,NA,NA,NA,0,NA,NA,30,"0.2-0.5mm","CT2.T4.H39_S1.2"
"342","other",NA,NA,NA,NA,0,NA,NA,30,"0.2-0.5mm","CT2.T4.H39_S1.1"
"343","Siphonophorae",1,0.00482587874362741,0.308431171010424,0.773765922315907,0.634118221310121,0.960123167159066,0.998306889907906,0,"0.2-0.5mm","predicted CT2.T4.H39_S1"
"344","Calanoida",1,0.000239576565196551,0.0179173561901746,0.139144531823226,0.285912545327505,0.515383317774917,0.955067965391434,0,"0.2-0.5mm","predicted CT2.T4.H39_S1"
"345","Euphausiacea",1,9.35833530529299e-05,0.00414020255697583,0.0192403421665529,0.0512116030774436,0.0612148011716962,0.295864632840655,0,"0.2-0.5mm","predicted CT2.T4.H39_S1"
"346","Cyclopoida",1,1.37862982944257e-08,3.30788867355412e-06,5.77965849237802e-05,0.0163858287219192,0.00100020825078221,0.187014432612759,0,"0.2-0.5mm","predicted CT2.T4.H39_S1"
"347","Salpida",1,4.95259040904907e-07,2.88273540450229e-05,0.00020875753429475,0.00673182986440208,0.00144044246872067,0.0569325489619974,0,"0.2-0.5mm","predicted CT2.T4.H39_S1"
"348","other",1,8.58342193548267e-06,0.000239144577627896,0.00100611138847095,0.00563997169860999,0.00369432449136135,0.0401855055485906,0,"0.2-0.5mm","predicted CT2.T4.H39_S1"
"349","Calanoida",NA,NA,NA,NA,0.866550116550117,NA,NA,30,"0.2-0.5mm","CT2.T8.H43_S1.1"
"350","Calanoida",NA,NA,NA,NA,0.8577610750484,NA,NA,30,"0.2-0.5mm","CT2.T8.H43_S1.2"
"351","Calanoida",NA,NA,NA,NA,0.790707938562938,NA,NA,30,"0.2-0.5mm","CT2.T8.H43_S1.3"
"352","Euphausiacea",NA,NA,NA,NA,0.20902724651327,NA,NA,30,"0.2-0.5mm","CT2.T8.H43_S1.3"
"353","Euphausiacea",NA,NA,NA,NA,0.138526363739893,NA,NA,30,"0.2-0.5mm","CT2.T8.H43_S1.2"
"354","Euphausiacea",NA,NA,NA,NA,0.13090034965035,NA,NA,30,"0.2-0.5mm","CT2.T8.H43_S1.1"
"355","Cyclopoida",NA,NA,NA,NA,0.0025054094066735,NA,NA,30,"0.2-0.5mm","CT2.T8.H43_S1.2"
"356","Cyclopoida",NA,NA,NA,NA,0.00123834498834499,NA,NA,30,"0.2-0.5mm","CT2.T8.H43_S1.1"
"357","other",NA,NA,NA,NA,0.0012071518050336,NA,NA,30,"0.2-0.5mm","CT2.T8.H43_S1.2"
"358","other",NA,NA,NA,NA,0.00101981351981352,NA,NA,30,"0.2-0.5mm","CT2.T8.H43_S1.1"
"359","Siphonophorae",NA,NA,NA,NA,0.000291375291375291,NA,NA,30,"0.2-0.5mm","CT2.T8.H43_S1.1"
"360","Cyclopoida",NA,NA,NA,NA,0.00020596716294945,NA,NA,30,"0.2-0.5mm","CT2.T8.H43_S1.3"
"361","other",NA,NA,NA,NA,5.88477608426999e-05,NA,NA,30,"0.2-0.5mm","CT2.T8.H43_S1.3"
"362","Salpida",NA,NA,NA,NA,0,NA,NA,30,"0.2-0.5mm","CT2.T8.H43_S1.1"
"363","Salpida",NA,NA,NA,NA,0,NA,NA,30,"0.2-0.5mm","CT2.T8.H43_S1.2"
"364","Salpida",NA,NA,NA,NA,0,NA,NA,30,"0.2-0.5mm","CT2.T8.H43_S1.3"
"365","Siphonophorae",NA,NA,NA,NA,0,NA,NA,30,"0.2-0.5mm","CT2.T8.H43_S1.2"
"366","Siphonophorae",NA,NA,NA,NA,0,NA,NA,30,"0.2-0.5mm","CT2.T8.H43_S1.3"
"367","Calanoida",1,0.0168202677902318,0.157304192501695,0.335047892479139,0.371124010185821,0.558789336602733,0.878402530679454,0,"0.2-0.5mm","predicted CT2.T8.H43_S1"
"368","Euphausiacea",1,0.0175295130131581,0.119095528188054,0.250126884737495,0.296162092150206,0.436195533695007,0.78998093274867,0,"0.2-0.5mm","predicted CT2.T8.H43_S1"
"369","Cyclopoida",1,0.00769393976840036,0.0610799824803367,0.158548306940926,0.228550516672746,0.339381749226168,0.771187963214575,0,"0.2-0.5mm","predicted CT2.T8.H43_S1"
"370","Siphonophorae",1,1.14022521187896e-05,0.000836370299964663,0.00584653458719923,0.0542015112965953,0.0369568804406581,0.495776321989382,0,"0.2-0.5mm","predicted CT2.T8.H43_S1"
"371","other",1,8.14661451236964e-06,0.000536687742749351,0.00424622134405828,0.0440475978283071,0.0268563964067855,0.398497351614294,0,"0.2-0.5mm","predicted CT2.T8.H43_S1"
"372","Salpida",1,1.76964590183443e-06,5.49914643797213e-05,0.00032849396240156,0.00591427186632423,0.00196774041787447,0.044798360331826,0,"0.2-0.5mm","predicted CT2.T8.H43_S1"
