"","size_fraction","sample_id","object_annotation_category","dryweight_C_mg_sum_taxa","dryweight_C_ug_sum_taxa","dryweight_C_mg_sum_sample","dryweight_C_ug_sum_sample","sample_conc","sample_tot_vol","acq_sub_part","potemp2","density2","oxy_sat","Sal2","NO2","nitracline_depth","NO3","fluorescence","hypoxia_depth","chl_max_depth","PO4","SIL","NH4","beam_depth","chl_max","mixedlayerdepths","intergrated_chl","day_night_0_1","distance_from_shore","PAR_1_depth_adj","max_size","cycle","Sample_ID_short","PC1","Longitude","Latitude","log10_dryweight_C_ug_m2_taxa","dryweight_C_mg_m2_taxa","log10_dryweight_C_ug_m2_sample","dryweight_C_mg_m2_sample","biomass_prop_taxa","biomass_prop_taxa_clr","Sample_ID","Sample_ID_dot","Volume_Filtered_m3","Cycle","Tow","Haul","Date","biomass_dry","depth","biomass_mg_m2","zooscan_class","n_reads_raw","n_reads_pcr","p.2.5","p.97.5"
"1",0.2,"c1_t7_h9","Calanoida",0.319970747177457,319.970747177457,1.18782354366406,1187.82354366406,70.0962902345881,282,97.1597633136095,13.6354125,25.27231875,68.65825,33.72105625,0.271166667,4.793,17.5485,4.377575,127.52,14.88966667,1.386,16.9485,0.108,10.919,4.7989,34.31751471,43.229,1,54.45089622,30,0.5,"1","C1-T7-H9",6.573255037,-122.4661,36.18643,5.76822957654471,22.4287623607291,7.07987795662127,83.2620238641526,0.269375656749865,2.25570859971351,"C1.T7.H9_S1","C1.T7.H9_S1",282,"1",7,"9","7/25/2021",1363.73333333333,203.45,1015.54609929078,"Calanoida",0.895894257609996,0.558313083450695,0.0109530879037526,0.198608239037313
"2",0.2,"c1_t7_h9","Oithonidae",0.312381668166753,312.381668166753,1.18782354366406,1187.82354366406,69.5105149552883,282,96.3478260869565,13.6354125,25.27231875,68.65825,33.72105625,0.271166667,4.793,17.5485,4.377575,127.52,14.88966667,1.386,16.9485,0.108,10.919,4.7989,34.31751471,43.229,1,54.45089622,30,0.5,"1","C1-T7-H9",6.573255037,-122.4661,36.18643,5.74422573559956,21.713810616863,7.07987795662127,82.5662261961039,0.262986594122521,2.23170475876835,"C1.T7.H9_S1","C1.T7.H9_S1",282,"1",7,"9","7/25/2021",1363.73333333333,203.45,1015.54609929078,"Oithonidae",0.00875648012760867,0.188995601801365,0.011196553688301,0.57018451531331
"3",0.2,"c1_t7_h9","other<living",0,0,1.18782354366406,1187.82354366406,64.5064664163538,282,89.4117647058823,13.6354125,25.27231875,68.65825,33.72105625,0.271166667,4.793,17.5485,4.377575,127.52,14.88966667,1.386,16.9485,0.108,10.919,4.7989,34.31751471,43.229,1,54.45089622,30,0.5,"1","C1-T7-H9",6.573255037,-122.4661,36.18643,-Inf,0,7.07987795662127,76.6222995279197,0,-6.85344295028997,"C1.T7.H9_S1","C1.T7.H9_S1",282,"1",7,"9","7/25/2021",1363.73333333333,203.45,1015.54609929078,"other<living",0.00684567326864283,0.0146788001590568,0.000418719861302017,0.0749074899432825
"4",0.2,"c1_t8_h10","Calanoida",0.268732923097448,268.732923097448,0.441731070165006,441.731070165006,223.28654643602,286,312.701754385965,14.52624375,25.12710625,73.9570625,33.7726125,0.293333333,5.056,6.879666667,3.06598125,117.599,33.74833333,0.619,4.617666667,0.519666667,8.4375,3.9444,39.60784898,93.982,0,57.2760461,30,0.5,"1","C1-T8-H10",4.157659552,-122.4958,36.11382,5.59371803546001,60.0044463120858,6.09070125836314,98.6326051106315,0.608363190293734,2.41278166431416,"C1.T8.H10_S1","C1.T8.H10_S1",286,"1",8,"10","7/25/2021",881.866666666667,NA,647.524475524475,"Calanoida",0.974870197300104,0.432630001741182,0.00889407477713871,0.192337041140549
"5",0.2,"c1_t8_h10","Oithonidae",0.0976417716533643,97.6417716533643,0.441731070165006,441.731070165006,225.881513905941,286,316.335877862595,14.52624375,25.12710625,73.9570625,33.7726125,0.293333333,5.056,6.879666667,3.06598125,117.599,33.74833333,0.619,4.617666667,0.519666667,8.4375,3.9444,39.60784898,93.982,0,57.2760461,30,0.5,"1","C1-T8-H10",4.157659552,-122.4958,36.11382,4.58130539010988,22.0554712015202,6.09070125836314,99.7788828681632,0.221043477011682,1.40036901896403,"C1.T8.H10_S1","C1.T8.H10_S1",286,"1",8,"10","7/25/2021",881.866666666667,NA,647.524475524475,"Oithonidae",0.00376427829698858,0.351643758513454,0.028191886852664,0.768537284245138
"6",0.2,"c1_t8_h10","other<living",0,0,0.441731070165006,441.731070165006,213.264708624709,286,298.666666666667,14.52624375,25.12710625,73.9570625,33.7726125,0.293333333,5.056,6.879666667,3.06598125,117.599,33.74833333,0.619,4.617666667,0.519666667,8.4375,3.9444,39.60784898,93.982,0,57.2760461,30,0.5,"1","C1-T8-H10",4.157659552,-122.4958,36.11382,-Inf,0,6.09070125836314,94.2056479692208,0,-5.62178460785353,"C1.T8.H10_S1","C1.T8.H10_S1",286,"1",8,"10","7/25/2021",881.866666666667,NA,647.524475524475,"other<living",0.000259605399792316,0.005413673428828,4.55425253601157e-05,0.0359936876610144
"7",0.2,"c2_t8_h18","Calanoida",0.568369236917116,568.369236917116,0.968507609663761,968.50760966376,76.4264748000224,303,115.135593220339,15.59365,24.5697,64.668,33.34975,0.221166667,4.771,6.914333333,1.7352,127.517,14.88933333,0.475166667,5.279,0.129666667,14.889,8.5157,12.36120755,10.001,0,89.04467932,6,0.5,"2","C2-T8-H18",3.495869841,-123.0914,36.42905,6.34277127251535,43.4384571623539,6.87575633998062,74.0196224235973,0.586850563945944,2.61936183368713,"C2.T8.H18_S1","C2.T8.H18_S1",303,"2",8,"18","7/30/2021",NA,201.13,NA,"Calanoida",0.975884122175532,0.482586170601992,0.0134162025254664,0.174966746098414
"8",0.2,"c2_t8_h18","Oithonidae",0.241229666210974,241.229666210974,0.968507609663761,968.50760966376,80.9616235494517,303,121.967741935484,15.59365,24.5697,64.668,33.34975,0.221166667,4.771,6.914333333,1.7352,127.517,14.88933333,0.475166667,5.279,0.129666667,14.889,8.5157,12.36120755,10.001,0,89.04467932,6,0.5,"2","C2-T8-H18",3.495869841,-123.0914,36.42905,5.48574945153104,19.5303454247327,6.87575633998062,78.4119484983767,0.2490735888949,1.76234001270282,"C2.T8.H18_S1","C2.T8.H18_S1",303,"2",8,"18","7/30/2021",NA,201.13,NA,"Oithonidae",0.00562450459841254,0.365957789799169,0.0518357291474687,0.744432154763481
"9",0.2,"c2_t8_h18","other<living",0,0,0.968507609663761,968.50760966376,73.4806048046665,303,110.697674418605,15.59365,24.5697,64.668,33.34975,0.221166667,4.771,6.914333333,1.7352,127.517,14.88933333,0.475166667,5.279,0.129666667,14.889,8.5157,12.36120755,10.001,0,89.04467932,6,0.5,"2","C2-T8-H18",3.495869841,-123.0914,36.42905,-Inf,0,6.87575633998062,71.166524916015,0,-7.02582210166863,"C2.T8.H18_S1","C2.T8.H18_S1",303,"2",8,"18","7/30/2021",NA,201.13,NA,"other<living",0.000575480200223677,0.0136937926720676,0.000254411541314209,0.0793622610403318
"10",0.2,"c3_t6_h25","Calanoida",0.260538899368203,260.538899368203,0.480568820668438,480.568820668438,57.6751514069018,290.23,95.1569506726457,18.84853125,23.309125,79.10425,32.70948125,0.0165,114.277,-0.069,-0.00258125,349.6695,109.1806667,0.336,1.0475,-0.013,22.833,0.642766667,36.93443854,8.3977,0,772.3392208,103,0.5,"3","C3-T6-H25",-4.6044581,-130.477,34.56042,5.56275217583508,15.0266204684487,6.17497044535189,27.7168794934884,0.542146906255407,2.09570503939678,"C3.T6.H25_S1","C3.T6.H25_S1",290,"3",6,"25","8/5/2021",215.466666666667,NA,156.027586206897,"Calanoida",0.91437029924788,0.472344886589961,0.0141828366102459,0.217356745328979
"11",0.2,"c3_t6_h25","Oithonidae",0.0773293590924594,77.3293590924594,0.480568820668438,480.568820668438,51.3371360645006,290.23,84.7,18.84853125,23.309125,79.10425,32.70948125,0.0165,114.277,-0.069,-0.00258125,349.6695,109.1806667,0.336,1.0475,-0.013,22.833,0.642766667,36.93443854,8.3977,0,772.3392208,103,0.5,"3","C3-T6-H25",-4.6044581,-130.477,34.56042,4.34807369063185,3.96986782951021,6.17497044535189,24.6710269350122,0.160912143623674,0.881026554193548,"C3.T6.H25_S1","C3.T6.H25_S1",290,"3",6,"25","8/5/2021",215.466666666667,NA,156.027586206897,"Oithonidae",0.00260841734677548,0.110698371622989,0.00820435631502732,0.35900976496366
"12",0.2,"c3_t6_h25","other<living",0,0,0.480568820668438,480.568820668438,53.7918633497571,290.23,88.75,18.84853125,23.309125,79.10425,32.70948125,0.0165,114.277,-0.069,-0.00258125,349.6695,109.1806667,0.336,1.0475,-0.013,22.833,0.642766667,36.93443854,8.3977,0,772.3392208,103,0.5,"3","C3-T6-H25",-4.6044581,-130.477,34.56042,-Inf,0,6.17497044535189,25.8506923315505,0,-5.116077706637,"C3.T6.H25_S1","C3.T6.H25_S1",290,"3",6,"25","8/5/2021",215.466666666667,NA,156.027586206897,"other<living",0.0213474155864938,0.149681450371581,0.00533640473028249,0.595962028178355
"13",0.2,"c3_t7_h26","Calanoida",0.291858904028517,291.858904028517,0.472962624843743,472.962624843743,74.5377775982115,280.2,96.9433962264151,18.9034875,23.2842875,72.4185,32.6949375,0.0215,109.923,-0.061,0.03025,361.5635,105.2116667,0.3,1.2055,-0.0135,22.834,0.657333333,34.44530282,0.053271,1,772.3906546,103,0.5,"3","C3-T7-H26",-4.437854817,-130.4595,34.52752,5.67627048010515,21.7545140785354,6.15901636812623,35.2535829428693,0.617086612551977,2.4246291648589,"C3.T7.H26_S1","C3.T7.H26_S1",280,"3",7,"26","8/6/2021",238.133333333333,215.44,178.6,"Calanoida",0.956333836927162,0.540806982852909,0.0133633081380711,0.191129919071602
"14",0.2,"c3_t7_h26","Oithonidae",0.0437659575989706,43.7659575989706,0.472962624843743,472.962624843743,73.5927398796778,280.2,95.7142857142857,18.9034875,23.2842875,72.4185,32.6949375,0.0215,109.923,-0.061,0.03025,361.5635,105.2116667,0.3,1.2055,-0.0135,22.834,0.657333333,34.44530282,0.053271,1,772.3906546,103,0.5,"3","C3-T7-H26",-4.437854817,-130.4595,34.52752,3.77885629141962,3.22085673316605,6.15901636812623,34.8066154229352,0.0925357635044205,0.527214976173373,"C3.T7.H26_S1","C3.T7.H26_S1",280,"3",7,"26","8/6/2021",238.133333333333,215.44,178.6,"Oithonidae",0.00797509499610859,0.284295951031048,0.0351978536280398,0.677518179462292
"15",0.2,"c3_t7_h26","other<living",0,0,0.472962624843743,472.962624843743,73.0435403283369,280.2,95,18.9034875,23.2842875,72.4185,32.6949375,0.0215,109.923,-0.061,0.03025,361.5635,105.2116667,0.3,1.2055,-0.0135,22.834,0.657333333,34.44530282,0.053271,1,772.3906546,103,0.5,"3","C3-T7-H26",-4.437854817,-130.4595,34.52752,-Inf,0,6.15901636812623,34.54686456157,0,-5.96338789382437,"C3.T7.H26_S1","C3.T7.H26_S1",280,"3",7,"26","8/6/2021",238.133333333333,215.44,178.6,"other<living",0.0240168475026324,0.125809180238886,0.00585815820586876,0.486632300892807
"16",0.2,"ct1_t1_h28","Calanoida",1.35002273475463,1350.02273475463,2.54113763333511,2541.13763333511,1.40588957681193,279,70.2874493927125,17.38964375,23.8663625,65.336625,32.97244375,0.013,59.8,0.207,0.26435,361.5505,43.67766667,0.370333333,1.022333333,0.021666667,39.707,2.921366667,44.12433944,112.6,0,602.6631245,5,0.5,"T1","CT1-T1-H28",-2.054216937,-128.5755,34.96055,7.20787671184966,1.89798289125068,7.84036714688089,3.57255891195038,0.531267065996263,3.09028962692866,"CT1.T1.H28_S1","CT1.T1.H28_S1",279,"T1",1,"28","8/7/2021",518.133333333333,200,389.992831541219,"Calanoida",0.986495532340328,0.659881162975994,0.0279591770278624,0.207221085767385
"17",0.2,"ct1_t1_h28","Oithonidae",0.420283131224485,420.283131224485,2.54113763333511,2541.13763333511,1.23686934254247,279,61.8372827804107,17.38964375,23.8663625,65.336625,32.97244375,0.013,59.8,0.207,0.26435,361.5505,43.67766667,0.370333333,1.022333333,0.021666667,39.707,2.921366667,44.12433944,112.6,0,602.6631245,5,0.5,"T1","CT1-T1-H28",-2.054216937,-128.5755,34.96055,6.04092860612233,0.51983532019932,7.84036714688089,3.14305523385313,0.165391722868975,1.92334152120133,"CT1.T1.H28_S1","CT1.T1.H28_S1",279,"T1",1,"28","8/7/2021",518.133333333333,200,389.992831541219,"Oithonidae",0.00192180623874448,0.258409531574154,0.043668453713829,0.609185115873765
"18",0.2,"ct1_t1_h28","other<living",0,0,2.54113763333511,2541.13763333511,1.05081936765105,279,52.5357142857143,17.38964375,23.8663625,65.336625,32.97244375,0.013,59.8,0.207,0.26435,361.5505,43.67766667,0.370333333,1.022333333,0.021666667,39.707,2.921366667,44.12433944,112.6,0,602.6631245,5,0.5,"T1","CT1-T1-H28",-2.054216937,-128.5755,34.96055,-Inf,0,7.84036714688089,2.67027664097549,0,-7.89276569014657,"CT1.T1.H28_S1","CT1.T1.H28_S1",279,"T1",1,"28","8/7/2021",518.133333333333,200,389.992831541219,"other<living",0.00834366214214456,0.0485773152175951,0.00100495514560404,0.269764996732565
"19",0.2,"ct1_t2_h29","Calanoida",0.644156508537157,644.156508537157,0.98329722195437,983.29722195437,2.20668454678167,278,110.32319391635,18.16554375,23.51706875,68.402375,32.7602,0.0065,80.1,-0.06,0.0202625,312.9815,70.47466667,0.3345,1.135,0.0035,58.565,0.948566667,49.90714574,0.1229,1,524.1840843,11,0.5,"T1","CT1-T2-H29",-3.394650309,-127.5728,35.0498,6.46794172225721,1.42145021309778,6.8909114365552,2.16982678458006,0.655098472928513,2.18569280202854,"CT1.T2.H29_S1","CT1.T2.H29_S1",278,"T1",2,"29","8/8/2021",290.4,200,219.36690647482,"Calanoida",0.974293373312366,0.552893270305346,0.0215301197212319,0.186804097283827
"20",0.2,"ct1_t2_h29","Oithonidae",0.0915420419544317,91.5420419544317,0.98329722195437,983.29722195437,2.25022502250225,278,112.5,18.16554375,23.51706875,68.402375,32.7602,0.0065,80.1,-0.06,0.0202625,312.9815,70.47466667,0.3345,1.135,0.0035,58.565,0.948566667,49.90714574,0.1229,1,524.1840843,11,0.5,"T1","CT1-T2-H29",-3.394650309,-127.5728,35.0498,4.51679834166702,0.205990193416813,6.8909114365552,2.21264001339867,0.0930970208300656,0.234549421438353,"CT1.T2.H29_S1","CT1.T2.H29_S1",278,"T1",2,"29","8/8/2021",290.4,200,219.36690647482,"Oithonidae",0.00203697517334659,0.178006911781315,0.0217218424582173,0.486869913490139
"21",0.2,"ct1_t2_h29","other<living",0,0,0.98329722195437,983.29722195437,2.46178464000246,278,123.076923076923,18.16554375,23.51706875,68.402375,32.7602,0.0065,80.1,-0.06,0.0202625,312.9815,70.47466667,0.3345,1.135,0.0035,58.565,0.948566667,49.90714574,0.1229,1,524.1840843,11,0.5,"T1","CT1-T2-H29",-3.394650309,-127.5728,35.0498,-Inf,0,6.8909114365552,2.42066599756436,0,-4.89770251358631,"CT1.T2.H29_S1","CT1.T2.H29_S1",278,"T1",2,"29","8/8/2021",290.4,200,219.36690647482,"other<living",0.0063879541436149,0.112030746259985,0.00360732634881465,0.514120136674546
"22",0.2,"ct1_t3_h30","Calanoida",0.41048365593386,410.48365593386,0.58691576129085,586.91576129085,52.2407884797189,279.09,72.8994082840237,18.16806875,23.51549375,70.3971875,32.75895,0.0085,94.339,-0.073,0.00883125,258.4555,78.41433333,0.3345,1.0805,0.007,73.452,1.302366667,47.52148287,24.685,1,450.7865706,86,0.5,"T1","CT1-T3-H30",-3.727302931,-126.6352,35.02288,6.0173361130788,21.4439898440225,6.37488130235934,30.6609421410084,0.69939109324829,3.14742581134633,"CT1.T3.H30_S1","CT1.T3.H30_S1",301,"T1",3,"30","8/8/2021",179.2,200,125.023255813953,"Calanoida",0.958653089006633,0.538869786096391,0.0257393300340543,0.232592522617478
"23",0.2,"ct1_t3_h30","Oithonidae",0.127635323884551,127.635323884551,0.58691576129085,586.91576129085,52.032459530742,279.09,72.6086956521739,18.16806875,23.51549375,70.3971875,32.75895,0.0085,94.339,-0.073,0.00883125,258.4555,78.41433333,0.3345,1.0805,0.007,73.452,1.302366667,47.52148287,24.685,1,450.7865706,86,0.5,"T1","CT1-T3-H30",-3.727302931,-126.6352,35.02288,4.84917716555055,6.64117982471607,6.37488130235934,30.5386705973208,0.217467875805265,1.97926686381809,"CT1.T3.H30_S1","CT1.T3.H30_S1",301,"T1",3,"30","8/8/2021",179.2,200,125.023255813953,"Oithonidae",0.00440428683919014,0.259054987063191,0.0356352312415631,0.6103993471768
"24",0.2,"ct1_t3_h30","other<living",0,0,0.58691576129085,586.91576129085,57.3291769680032,279.09,80,18.16806875,23.51549375,70.3971875,32.75895,0.0085,94.339,-0.073,0.00883125,258.4555,78.41433333,0.3345,1.0805,0.007,73.452,1.302366667,47.52148287,24.685,1,450.7865706,86,0.5,"T1","CT1-T3-H30",-3.727302931,-126.6352,35.02288,-Inf,0,6.37488130235934,33.6473975443534,0,-5.9485423196259,"CT1.T3.H30_S1","CT1.T3.H30_S1",301,"T1",3,"30","8/8/2021",179.2,200,125.023255813953,"other<living",0.0177105716230464,0.0826532078403182,0.002344290779798,0.409720685503497
"25",0.2,"ct1_t4_h31","Calanoida",0.927827934773705,927.827934773704,1.40878683498021,1408.78683498021,35.0017328878079,327.6294556,63.3709034653465,18.11386875,23.52309375,78.3553125,32.751575,0.01,81.135,-0.0975,0.04135,276.3005,58.56533333,0.331,0.9545,-0.0155,50.625,1.3489,43.3434391,39.938,0,353.6559397,84,0.5,"T1","CT1-T4-H31",-3.259153374,-125.5235,35.09508,6.83284630048015,32.4755855387956,7.2504842122918,49.3099804938375,0.658600656774833,3.65564793955882,"CT1.T4.H31_S1","CT1.T4.H31_S1",328,"T1",4,"31","8/9/2021",NA,180.96,NA,"Calanoida",0.575880035215841,0.234271483026962,0.00300699324488985,0.116125337794855
"26",0.2,"ct1_t4_h31","Oithonidae",0.198475889921929,198.475889921929,1.40878683498021,1408.78683498021,33.3062864062377,327.6294556,60.3012847222222,18.11386875,23.52309375,78.3553125,32.751575,0.01,81.135,-0.0975,0.04135,276.3005,58.56533333,0.331,0.9545,-0.0155,50.625,1.3489,43.3434391,39.938,0,353.6559397,84,0.5,"T1","CT1-T4-H31",-3.259153374,-125.5235,35.09508,5.29066763139974,6.61049483447268,7.2504842122918,46.9214578111879,0.14088425941652,2.11346927047841,"CT1.T4.H31_S1","CT1.T4.H31_S1",328,"T1",4,"31","8/9/2021",NA,180.96,NA,"Oithonidae",0.000974208726023641,0.0218715581626802,0.000475601036983097,0.111427041950631
"27",0.2,"ct1_t4_h31","other<living",0,0,1.40878683498021,1408.78683498021,32.2868623704523,327.6294556,58.4556097560976,18.11386875,23.52309375,78.3553125,32.751575,0.01,81.135,-0.0975,0.04135,276.3005,58.56533333,0.331,0.9545,-0.0155,50.625,1.3489,43.3434391,39.938,0,353.6559397,84,0.5,"T1","CT1-T4-H31",-3.259153374,-125.5235,35.09508,-Inf,0,7.2504842122918,45.4853066503111,0,-9.29773641043573,"CT1.T4.H31_S1","CT1.T4.H31_S1",328,"T1",4,"31","8/9/2021",NA,180.96,NA,"other<living",0.393363834485546,0.695132213859964,0.181917514872734,0.965258228876228
"28",0.2,"ct1_t5_h32","Calanoida",0.609894744368345,609.894744368345,0.857693065272297,857.693065272297,64.2348364715355,265.11623,80,17.41111875,23.60625,81.763,32.63924375,0.032,60.184,0.115333333,0.1357875,295.1365,44.66966667,0.364,1.203666667,0.021333333,40.7,2.300733333,40.373965,105.72,0,287.1546375,5,0.5,"T1","CT1-T5-H32",-2.057413352,-124.7213,35.11383,6.41328639206303,39.1764891693496,6.75424630270346,55.093773790536,0.711087414674057,2.69417198480112,"CT1.T5.H32_S1","CT1.T5.H32_S1",265,"T1",5,"32","8/9/2021",NA,212.871221,NA,"Calanoida",0.984580171063727,0.623609101700367,0.0176772115819551,0.234015629363195
"29",0.2,"ct1_t5_h32","Oithonidae",0.102860045126541,102.860045126541,0.857693065272297,857.693065272297,64.2348364715355,265.11623,80,17.41111875,23.60625,81.763,32.63924375,0.032,60.184,0.115333333,0.1357875,295.1365,44.66966667,0.364,1.203666667,0.021333333,40.7,2.300733333,40.373965,105.72,0,287.1546375,5,0.5,"T1","CT1-T5-H32",-2.057413352,-124.7213,35.11383,4.63336927906475,6.60719817815812,6.75424630270346,55.093773790536,0.119926404084759,0.91425487180284,"CT1.T5.H32_S1","CT1.T5.H32_S1",265,"T1",5,"32","8/9/2021",NA,212.871221,NA,"Oithonidae",0.00598321487370999,0.286873773911822,0.0431374200524031,0.661409419336342
"30",0.2,"ct1_t5_h32","other<living",0,0,0.857693065272297,857.693065272297,64.2348364715355,265.11623,80,17.41111875,23.60625,81.763,32.63924375,0.032,60.184,0.115333333,0.1357875,295.1365,44.66966667,0.364,1.203666667,0.021333333,40.7,2.300733333,40.373965,105.72,0,287.1546375,5,0.5,"T1","CT1-T5-H32",-2.057413352,-124.7213,35.11383,-Inf,0,6.75424630270346,55.093773790536,0,-6.80782202526536,"CT1.T5.H32_S1","CT1.T5.H32_S1",265,"T1",5,"32","8/9/2021",NA,212.871221,NA,"other<living",0.00586274746014536,0.0452674457638202,0.00121917642689673,0.226737060085771
"31",0.2,"ct1_t6_h33","Calanoida",0.927566247310853,927.566247310853,1.40713310159148,1407.13310159148,60.0562505908264,296.719,85.6636138613861,17.67494737,23.63878421,73.37931422,32.76398421,0.004,89.237,-0.021333333,0.0678,286.213,55.58733333,0.339,1.184,0.008,47.647,1.4834,43.86420492,44.366,1,220.3050539,78,0.5,"T1","CT1-T6-H33",-2.808803596,-123.8861,35.15777,6.83256421760298,55.706150988093,7.24930965220764,84.5071381638248,0.659188705220399,2.76027827909172,"CT1.T6.H33_S1","CT1.T6.H33_S1",297,"T1",6,"33","8/9/2021",404.533333333333,208.021,286.03367003367,"Calanoida",0.96760491323918,0.659412721067843,0.0211309723916952,0.236524668287429
"32",0.2,"ct1_t6_h33","Oithonidae",0.22708766006083,227.08766006083,1.40713310159148,1407.13310159148,59.0769605616167,296.719,84.2667647058824,17.67494737,23.63878421,73.37931422,32.76398421,0.004,89.237,-0.021333333,0.0678,286.213,55.58733333,0.339,1.184,0.008,47.647,1.4834,43.86420492,44.366,1,220.3050539,78,0.5,"T1","CT1-T6-H33",-2.808803596,-123.8861,35.15777,5.42533611060671,13.4156487374435,7.24930965220764,83.1291467476655,0.161383212294552,1.35305017209545,"CT1.T6.H33_S1","CT1.T6.H33_S1",297,"T1",6,"33","8/9/2021",404.533333333333,208.021,286.03367003367,"Oithonidae",0.00106544258109332,0.075369589123179,0.00629912024851369,0.260413648285728
"33",0.2,"ct1_t6_h33","other<living",0,0,1.40713310159148,1407.13310159148,47.2986498900951,296.719,67.4663043478261,17.67494737,23.63878421,73.37931422,32.76398421,0.004,89.237,-0.021333333,0.0678,286.213,55.58733333,0.339,1.184,0.008,47.647,1.4834,43.86420492,44.366,1,220.3050539,78,0.5,"T1","CT1-T6-H33",-2.808803596,-123.8861,35.15777,-Inf,0,7.24930965220764,66.5554959209392,0,-6.78683886454174,"CT1.T6.H33_S1","CT1.T6.H33_S1",297,"T1",6,"33","8/9/2021",404.533333333333,208.021,286.03367003367,"other<living",0.0307194788249154,0.23276665123082,0.0165592616528202,0.693751901785304
"34",0.2,"ct1_t7_h34","Calanoida",1.19192168917529,1191.92168917529,1.86773471132586,1867.73471132586,116.990289797482,330.5425622,198.767772511848,16.22978889,24.64262778,71.93337769,33.63152222,0.18025,5.198,4.7105,0.991344444,272.3325,44.66933333,0.55525,2.63575,0.1955,8.935,1.644233333,49.89389011,61.179,1,164.3233095,55,0.5,"T1","CT1-T7-H34",1.021747674,-123.1012,35.20463,7.08332214846656,139.443263832521,7.53248159121184,218.506825142828,0.638164339907336,2.39618426607526,"CT1.T7.H34_S1","CT1.T7.H34_S1",331,"T1",7,"34","8/9/2021",1139.46666666667,194.55,722.924471299094,"Calanoida",0.982784714339765,0.896359027030239,0.0238886766292449,0.281064754276541
"35",0.2,"ct1_t7_h34","other<living",0,0,1.86773471132586,1867.73471132586,102.817177003779,330.5425622,174.6875,16.22978889,24.64262778,71.93337769,33.63152222,0.18025,5.198,4.7105,0.991344444,272.3325,44.66933333,0.55525,2.63575,0.1955,8.935,1.644233333,49.89389011,61.179,1,164.3233095,55,0.5,"T1","CT1-T7-H34",1.021747674,-123.1012,35.20463,-Inf,0,7.53248159121184,192.035210410493,0,-5.68405326536796,"CT1.T7.H34_S1","CT1.T7.H34_S1",331,"T1",7,"34","8/9/2021",1139.46666666667,194.55,722.924471299094,"other<living",0.000928696728923744,0.0078955815855984,0.000319967150867744,0.0380275894002231
"36",0.2,"ct1_t8_h35","Calanoida",0.258977342158584,258.977342158584,0.448683562440688,448.683562440688,62.3436654400254,264.0747622,85.4935622317597,16.601525,24.4496125,62.516375,33.49135,0.13575,34.766,1.831,1.00973125,211.846,24.81766667,0.41225,2.2655,0.52375,19.854,1.631833333,30.76237143,8.3863,0,119.4843272,10,0.5,"T1","CT1-T8-H35",1.240985634,-122.3004,35.1785,5.55674057585958,16.1455967760818,6.10631787857052,27.972577905241,0.577193737051196,2.15132299450057,"CT1.T8.H35_S1","CT1.T8.H35_S1",264,"T1",8,"35","8/10/2021",NA,192.5687525,NA,"Calanoida",0.878109120442851,0.0662705747471572,9.24838590208074e-05,0.0563856988613481
"37",0.2,"ct1_t8_h35","Oithonidae",0.082960987799076,82.960987799076,0.448683562440688,448.683562440688,62.7129702855035,264.0747622,86,16.601525,24.4496125,62.516375,33.49135,0.13575,34.766,1.831,1.00973125,211.846,24.81766667,0.41225,2.2655,0.52375,19.854,1.631833333,30.76237143,8.3863,0,119.4843272,10,0.5,"T1","CT1-T8-H35",1.240985634,-122.3004,35.1785,4.41837047078235,5.20272996269947,6.10631787857052,28.1382789189367,0.184898656299767,1.01295288942335,"CT1.T8.H35_S1","CT1.T8.H35_S1",264,"T1",8,"35","8/10/2021",NA,192.5687525,NA,"Oithonidae",0.00312581818959022,0.0238125462382359,4.50369730153684e-05,0.186742112889274
"38",0.2,"ct1_t8_h35","other<living",0,0,0.448683562440688,448.683562440688,63.983225497588,264.0747622,87.741935483871,16.601525,24.4496125,62.516375,33.49135,0.13575,34.766,1.831,1.00973125,211.846,24.81766667,0.41225,2.2655,0.52375,19.854,1.631833333,30.76237143,8.3863,0,119.4843272,10,0.5,"T1","CT1-T8-H35",1.240985634,-122.3004,35.1785,-Inf,0,6.10631787857052,28.7082215527036,0,-6.14791539543339,"CT1.T8.H35_S1","CT1.T8.H35_S1",264,"T1",8,"35","8/10/2021",NA,192.5687525,NA,"other<living",0.0238203375883645,0.0136877633096129,7.93404004785495e-05,0.0935876055928798
"39",0.2,"ct2_t1_h36","Calanoida",0.238555627595314,238.555627595314,0.31639282459486,316.39282459486,502.710585234025,273.2546282,607.868852459016,15.831225,24.523775,70.634,33.3592625,0.188328994,24.13100104,6.475130769,2.00485,144.391,19.85366667,0.649509372,5.675964988,0.23236203,17.868,2.443066667,23.89114571,68.88,1,395.8283457,60,0.5,"T2","CT2-T1-H36",2.177361041,-121.6069,35.56327,5.47460252252567,119.92443915931,5.75698455736473,159.054022015928,0.753985580743759,2.46053079345289,"CT2.T1.H36_S1","CT2.T1.H36_S1",273,"T2",1,"36","8/10/2021",NA,225.982946,NA,"Calanoida",0.932406719191319,0.278198290276579,0.00271063491737843,0.121541034494112
"40",0.2,"ct2_t1_h36","Oithonidae",0.048399456181613,48.399456181613,0.31639282459486,316.39282459486,505.328577345499,273.2546282,611.034482758621,15.831225,24.523775,70.634,33.3592625,0.188328994,24.13100104,6.475130769,2.00485,144.391,19.85366667,0.649509372,5.675964988,0.23236203,17.868,2.443066667,23.89114571,68.88,1,395.8283457,60,0.5,"T2","CT2-T1-H36",2.177361041,-121.6069,35.56327,3.87948857774238,24.4576283365503,5.75698455736473,159.882335934845,0.152972673269655,0.865416848669595,"CT2.T1.H36_S1","CT2.T1.H36_S1",273,"T2",1,"36","8/10/2021",NA,225.982946,NA,"Oithonidae",0.0159432139140776,0.351413959406743,0.0132318041423376,0.805683546902925
"41",0.2,"ct2_t1_h36","other<living",0,0,0.31639282459486,316.39282459486,529.283205165489,273.2546282,640,15.831225,24.523775,70.634,33.3592625,0.188328994,24.13100104,6.475130769,2.00485,144.391,19.85366667,0.649509372,5.675964988,0.23236203,17.868,2.443066667,23.89114571,68.88,1,395.8283457,60,0.5,"T2","CT2-T1-H36",2.177361041,-121.6069,35.56327,-Inf,0,5.75698455736473,167.46140829293,0,-5.08608695406894,"CT2.T1.H36_S1","CT2.T1.H36_S1",273,"T2",1,"36","8/10/2021",NA,225.982946,NA,"other<living",0.0100267578415341,0.00878339636937329,0.000162029786274269,0.0492995597000488
"42",0.2,"ct2_t4_h39","Calanoida",0.333019767708547,333.019767708547,0.561650781491762,561.650781491762,215.24346594872,307.8703307,383.202416918429,16.11135,24.6348375,81.589375,33.58603125,0.180388032,26.97258367,6.151914118,1.3498,244.565,19.854,0.633395467,5.435990441,0.222955797,13.898,2.579066667,32.90561905,46.21,1,41.86359276,45,0.5,"T2","CT2-T4-H39",1.910761547,-121.2592,35.13105,5.80820185070669,71.6803290310251,6.33088027150789,120.891660861094,0.592930302391881,2.91249860804529,"CT2.T4.H39_S1","CT2.T4.H39_S1",308,"T2",4,"39","8/10/2021",NA,172.9296949,NA,"Calanoida",0.951428816613748,0.971304965613785,0.0664660841950149,0.214910414461662
"43",0.2,"ct2_t4_h39","other<living",0,0,0.561650781491762,561.650781491762,220.666491958172,307.8703307,392.857142857143,16.11135,24.6348375,81.589375,33.58603125,0.180388032,26.97258367,6.151914118,1.3498,244.565,19.854,0.633395467,5.435990441,0.222955797,13.898,2.579066667,32.90561905,46.21,1,41.86359276,45,0.5,"T2","CT2-T4-H39",1.910761547,-121.2592,35.13105,-Inf,0,6.33088027150789,123.937507657353,0,-6.50395604328847,"CT2.T4.H39_S1","CT2.T4.H39_S1",308,"T2",4,"39","8/10/2021",NA,172.9296949,NA,"other<living",0.0153322463457193,0.00988273949563398,0.000582368007481078,0.0452372553495198
"44",0.2,"ct2_t8_h43","Calanoida",0.226350257515081,226.350257515081,0.47109783642604,471.09783642604,255.353210842446,270.37903068,354.881516587678,15.68699375,25.07190625,77.0835625,34.03350625,0.211496484,5.491,7.418104457,1.07124375,161.261,14.891,0.696521147,6.376082642,0.259804398,9.927,1.530533333,40.83314211,43.725,1,52.40822911,47,0.5,"T2","CT2-T8-H43",2.955154777,-120.8298,34.54325,5.42208361156668,57.7992650314904,6.15506579309524,120.296345152319,0.480473990779231,2.31578428514069,"CT2.T8.H43_S1","CT2.T8.H43_S1",270,"T2",8,"43","8/11/2021",NA,194.549872003685,NA,"Calanoida",0.838391221392161,0.397274024494851,0.00876098116476615,0.162969072379764
"45",0.2,"ct2_t8_h43","Oithonidae",0.125032578008755,125.032578008755,0.47109783642604,471.09783642604,259.130248011229,270.37903068,360.130718954248,15.68699375,25.07190625,77.0835625,34.03350625,0.211496484,5.491,7.418104457,1.07124375,161.261,14.891,0.696521147,6.376082642,0.259804398,9.927,1.530533333,40.83314211,43.725,1,52.40822911,47,0.5,"T2","CT2-T8-H43",2.955154777,-120.8298,34.54325,4.82857432741579,32.3997229488921,6.15506579309524,122.075699190633,0.265406818586366,1.72227500098981,"CT2.T8.H43_S1","CT2.T8.H43_S1",270,"T2",8,"43","8/11/2021",NA,194.549872003685,NA,"Oithonidae",0.000493606842150227,0.0429661997224781,0.00290151803734131,0.174408490972725
"46",0.2,"ct2_t8_h43","other<living",0,0,0.47109783642604,471.09783642604,254.539033771284,270.37903068,353.75,15.68699375,25.07190625,77.0835625,34.03350625,0.211496484,5.491,7.418104457,1.07124375,161.261,14.891,0.696521147,6.376082642,0.259804398,9.927,1.530533333,40.83314211,43.725,1,52.40822911,47,0.5,"T2","CT2-T8-H43",2.955154777,-120.8298,34.54325,-Inf,0,6.15506579309524,119.912788095627,0,-6.02126790670903,"CT2.T8.H43_S1","CT2.T8.H43_S1",270,"T2",8,"43","8/11/2021",NA,194.549872003685,NA,"other<living",0.00183204077951911,0.0280357168476571,0.000355802543876729,0.166821690053794
"47",0.5,"c1_t7_h9","Calanoida",0.916547026135238,916.547026135238,1.59717068258971,1597.17068258971,68.8517961763799,282,95.4347826086957,13.6354125,25.27231875,68.65825,33.72105625,0.271166667,4.793,17.5485,4.377575,127.52,14.88966667,1.386,16.9485,0.108,10.919,4.7989,34.31751471,43.229,1,54.45089622,30,1,"1","C1-T7-H9",6.573255037,-122.4661,36.18643,6.82061337653105,63.1059090295305,7.37598901951704,109.968070296556,0.573856655475993,1.54824106070848,"C1.T7.H9_S2","C1.T7.H9_S2",282,"1",7,"9","7/25/2021",1014.66666666667,203.45,755.602836879433,"Calanoida",0.996691235809975,0.88330956610446,0.0604001371039973,0.357478928142074
"48",0.5,"c1_t7_h9","other<living",0,0,1.59717068258971,1597.17068258971,64.9308510638298,282,90,13.6354125,25.27231875,68.65825,33.72105625,0.271166667,4.793,17.5485,4.377575,127.52,14.88966667,1.386,16.9485,0.108,10.919,4.7989,34.31751471,43.229,1,54.45089622,30,1,"1","C1-T7-H9",6.573255037,-122.4661,36.18643,-Inf,0,7.37598901951704,103.705651714748,0,-3.58754369823261,"C1.T7.H9_S2","C1.T7.H9_S2",282,"1",7,"9","7/25/2021",1014.66666666667,203.45,755.602836879433,"other<living",0.00190993705277882,0.0237459117206412,0.000640619702823596,0.135583868956628
"49",0.5,"c1_t8_h10","Calanoida",1.40839400994484,1408.39400994484,1.78832233526991,1788.32233526991,217.155996545827,286,304.116222760291,14.52624375,25.12710625,73.9570625,33.7726125,0.293333333,5.056,6.879666667,3.06598125,117.599,33.74833333,0.619,4.617666667,0.519666667,8.4375,3.9444,39.60784898,93.982,0,57.2760461,30,1,"1","C1-T8-H10",4.157659552,-122.4958,36.11382,7.25020533417958,305.841204758746,7.48903321648211,388.344918860699,0.787550422073252,3.28251424209438,"C1.T8.H10_S2","C1.T8.H10_S2",286,"1",8,"10","7/25/2021",622.666666666667,NA,457.202797202797,"Calanoida",0.956317941557794,0.522658525247781,0.00686319124470004,0.315788977551326
"50",0.5,"c1_t8_h10","other<living",0,0,1.78832233526991,1788.32233526991,215.803574203574,286,302.222222222222,14.52624375,25.12710625,73.9570625,33.7726125,0.293333333,5.056,6.879666667,3.06598125,117.599,33.74833333,0.619,4.617666667,0.519666667,8.4375,3.9444,39.60784898,93.982,0,57.2760461,30,1,"1","C1-T8-H10",4.157659552,-122.4958,36.11382,-Inf,0,7.48903321648211,385.92635177933,0,-6.936689629821,"C1.T8.H10_S2","C1.T8.H10_S2",286,"1",8,"10","7/25/2021",622.666666666667,NA,457.202797202797,"other<living",0.00698115089259001,0.0896045967443098,0.00154893768842018,0.451538816699909
"51",0.5,"c2_t8_h18","Calanoida",2.24471222589706,2244.71222589706,3.61804151946697,3618.04151946697,78.331583973004,303,118.005617977528,15.59365,24.5697,64.668,33.34975,0.221166667,4.771,6.914333333,1.7352,127.517,14.88933333,0.475166667,5.279,0.129666667,14.889,8.5157,12.36120755,10.001,0,89.04467932,6,1,"2","C2-T8-H18",3.495869841,-123.0914,36.42905,7.71633260750437,175.831864218084,8.19368814169563,283.406923099942,0.620421908875098,4.02593385005914,"C2.T8.H18_S2","C2.T8.H18_S2",303,"2",8,"18","7/30/2021",NA,201.13,NA,"Calanoida",0.933109444725583,0.61149168232581,0.0150685800416915,0.232636494994443
"52",0.5,"c2_t8_h18","Euphausiacea",0.000154391391108896,0.154391391108896,3.61804151946697,3618.04151946697,132.759075907591,303,200,15.59365,24.5697,64.668,33.34975,0.221166667,4.771,6.914333333,1.7352,127.517,14.88933333,0.475166667,5.279,0.129666667,14.889,8.5157,12.36120755,10.001,0,89.04467932,6,1,"2","C2-T8-H18",3.495869841,-123.0914,36.42905,-1.86826440001268,0.0204968584117044,8.19368814169563,480.327848719731,4.26726421679211e-05,-5.55866315745792,"C2.T8.H18_S2","C2.T8.H18_S2",303,"2",8,"18","7/30/2021",NA,201.13,NA,"Euphausiacea",0.0622072963150389,0.184603843186205,0.017063201441876,0.566367169021564
"53",0.5,"c2_t8_h18","Oithonidae",0.0479280574891549,47.9280574891549,3.61804151946697,3618.04151946697,113.235682391769,303,170.588235294118,15.59365,24.5697,64.668,33.34975,0.221166667,4.771,6.914333333,1.7352,127.517,14.88933333,0.475166667,5.279,0.129666667,14.889,8.5157,12.36120755,10.001,0,89.04467932,6,1,"2","C2-T8-H18",3.495869841,-123.0914,36.42905,3.86970108427087,5.42716629549637,8.19368814169563,409.691400378594,0.0132469617143078,0.179302326825633,"C2.T8.H18_S2","C2.T8.H18_S2",303,"2",8,"18","7/30/2021",NA,201.13,NA,"Oithonidae",0.00040483967428808,0.128027854681759,0.00748608062479342,0.438146203146488
"54",0.5,"c2_t8_h18","other<living",0,0,3.61804151946697,3618.04151946697,60.3737702341663,303,90.9523809523809,15.59365,24.5697,64.668,33.34975,0.221166667,4.771,6.914333333,1.7352,127.517,14.88933333,0.475166667,5.279,0.129666667,14.889,8.5157,12.36120755,10.001,0,89.04467932,6,1,"2","C2-T8-H18",3.495869841,-123.0914,36.42905,-Inf,0,8.19368814169563,218.434807393973,0,-10.0619525417083,"C2.T8.H18_S2","C2.T8.H18_S2",303,"2",8,"18","7/30/2021",NA,201.13,NA,"other<living",0.00427841928508994,0.0393677313045658,0.00115545609093696,0.201794280351099
"55",0.5,"c2_t9_h19","Calanoida",1.42617818708488,1426.17818708488,1.80445723814285,1804.45723814285,332.880244051644,252,386.125760649087,15.85675,24.06715,69.2275,32.7728,0.3052,4.576,7.3326,1.59615,129.5,30.76966667,0.668,5.1062,0.433,26.8,4.107233333,18.6269982,11.23,1,107.295263,6,1,"2","C2-T9-H19",2.811058313,-123.226,36.46062,7.26275354904791,474.746542977946,7.49801512645811,600.668165813748,0.790364081197459,3.50456637664168,"C2.T9.H19_S2","C2.T9.H19_S2",252,"2",9,"19","7/31/2021",543.466666666667,NA,452.888888888889,"Calanoida",0.239807673044175,0.105003860694494,0.00224142575117418,0.1028510323205
"56",0.5,"c2_t9_h19","other<living",0,0,1.80445723814285,1804.45723814285,213.801587301587,252,248,15.85675,24.06715,69.2275,32.7728,0.3052,4.576,7.3326,1.59615,129.5,30.76966667,0.668,5.1062,0.433,26.8,4.107233333,18.6269982,11.23,1,107.295263,6,1,"2","C2-T9-H19",2.811058313,-123.226,36.46062,-Inf,0,7.49801512645811,385.79582173278,0,-6.97946951219867,"C2.T9.H19_S2","C2.T9.H19_S2",252,"2",9,"19","7/31/2021",543.466666666667,NA,452.888888888889,"other<living",0.00399011653143678,0.0327150594750185,0.000308686930316032,0.217972495888877
"57",0.5,"c3_t6_h25","Calanoida",1.40988786127938,1409.88786127938,2.95504179932788,2955.04179932788,52.7028838688557,290.23,86.953316953317,18.84853125,23.309125,79.10425,32.70948125,0.0165,114.277,-0.069,-0.00258125,349.6695,109.1806667,0.336,1.0475,-0.013,22.833,0.642766667,36.93443854,8.3977,0,772.3392208,103,1,"3","C3-T6-H25",-4.6044581,-130.477,34.56042,7.25126544920193,74.3051562211166,7.99126807502878,155.739224777592,0.477112662704148,2.48497475505103,"C3.T6.H25_S2","C3.T6.H25_S2",290,"3",6,"25","8/5/2021",143.466666666667,NA,103.889655172414,"Calanoida",0.966428948152904,0.691308116293961,0.00962092561441934,0.287839044478262
"58",0.5,"c3_t6_h25","Salpida",0.0566579350214675,56.6579350214675,2.95504179932788,2955.04179932788,60.6105502532474,290.23,100,18.84853125,23.309125,79.10425,32.70948125,0.0165,114.277,-0.069,-0.00258125,349.6695,109.1806667,0.336,1.0475,-0.013,22.833,0.642766667,36.93443854,8.3977,0,772.3392208,103,1,"3","C3-T6-H25",-4.6044581,-130.477,34.56042,4.03703204865294,3.43406861786388,7.99126807502878,179.106709478609,0.0191733108595466,-0.729258645497953,"C3.T6.H25_S2","C3.T6.H25_S2",290,"3",6,"25","8/5/2021",143.466666666667,NA,103.889655172414,"Salpida",0.000435689880529249,0.210587512865866,0.001199163760645,0.872118176118123
"59",0.5,"c3_t6_h25","other<living",0,0,2.95504179932788,2955.04179932788,40.7743701703665,290.23,67.2727272727273,18.84853125,23.309125,79.10425,32.70948125,0.0165,114.277,-0.069,-0.00258125,349.6695,109.1806667,0.336,1.0475,-0.013,22.833,0.642766667,36.93443854,8.3977,0,772.3392208,103,1,"3","C3-T6-H25",-4.6044581,-130.477,34.56042,-Inf,0,7.99126807502878,120.489968194701,0,-5.47247136639587,"C3.T6.H25_S2","C3.T6.H25_S2",290,"3",6,"25","8/5/2021",143.466666666667,NA,103.889655172414,"other<living",0.0286179458368685,0.0589690749337977,0.00341640921073318,0.249048235407633
"60",0.5,"c3_t7_h26","Calanoida",1.51387383100473,1513.87383100473,2.72553370282177,2725.53370282177,74.0046395431834,280.2,96.25,18.9034875,23.2842875,72.4185,32.6949375,0.0215,109.923,-0.061,0.03025,361.5635,105.2116667,0.3,1.2055,-0.0135,22.834,0.657333333,34.44530282,0.053271,1,772.3906546,103,1,"3","C3-T7-H26",-4.437854817,-130.4595,34.52752,7.32242709565347,112.033687177363,7.91041954216693,201.702139240123,0.555441244200137,2.73442437920621,"C3.T7.H26_S2","C3.T7.H26_S2",280,"3",7,"26","8/6/2021",137.6,215.44,103.2,"Calanoida",0.947377597991352,0.83653525888624,0.0285313871224902,0.410197664381399
"61",0.5,"c3_t7_h26","other<living",0,0,2.72553370282177,2725.53370282177,63.707147955542,280.2,82.8571428571429,18.9034875,23.2842875,72.4185,32.6949375,0.0215,109.923,-0.061,0.03025,361.5635,105.2116667,0.3,1.2055,-0.0135,22.834,0.657333333,34.44530282,0.053271,1,772.3906546,103,1,"3","C3-T7-H26",-4.437854817,-130.4595,34.52752,-Inf,0,7.91041954216693,173.635978863483,0,-5.45708544514851,"C3.T7.H26_S2","C3.T7.H26_S2",280,"3",7,"26","8/6/2021",137.6,215.44,103.2,"other<living",0.0395103919654066,0.0809247451268423,0.00401314639247817,0.346052646119662
"62",0.5,"ct1_t1_h28","Calanoida",4.51416447828561,4514.16447828561,9.26196468800328,9261.96468800328,1.50973860272625,279,75.479381443299,17.38964375,23.8663625,65.336625,32.97244375,0.013,59.8,0.207,0.26435,361.5505,43.67766667,0.370333333,1.022333333,0.021666667,39.707,2.921366667,44.12433944,112.6,0,602.6631245,5,1,"T1","CT1-T1-H28",-2.054216937,-128.5755,34.96055,8.41497539408309,6.81520837192339,9.1336714744663,13.983145626566,0.487387355744582,3.53465686659216,"CT1.T1.H28_S2","CT1.T1.H28_S2",279,"T1",1,"28","8/7/2021",658.133333333333,200,495.36917562724,"Calanoida",0.984997659367361,0.762179528821981,0.0192556017945704,0.26822900215679
"63",0.5,"ct1_t1_h28","other<living",0,0,9.26196468800328,9261.96468800328,1.05824535941966,279,52.906976744186,17.38964375,23.8663625,65.336625,32.97244375,0.013,59.8,0.207,0.26435,361.5505,43.67766667,0.370333333,1.022333333,0.021666667,39.707,2.921366667,44.12433944,112.6,0,602.6631245,5,1,"T1","CT1-T1-H28",-2.054216937,-128.5755,34.96055,-Inf,0,9.1336714744663,9.80143115018825,0,-6.92510284324831,"CT1.T1.H28_S2","CT1.T1.H28_S2",279,"T1",1,"28","8/7/2021",658.133333333333,200,495.36917562724,"other<living",0.0106034373862192,0.124067689888418,0.00573785764262663,0.511008215571107
"64",0.5,"ct1_t2_h29","Calanoida",2.95163557945304,2951.63557945304,5.77466972808624,5774.66972808623,1.99396197164988,278,99.6881287726358,18.16554375,23.51706875,68.402375,32.7602,0.0065,80.1,-0.06,0.0202625,312.9815,70.47466667,0.3345,1.135,0.0035,58.565,0.948566667,49.90714574,0.1229,1,524.1840843,11,1,"T1","CT1-T2-H29",-3.394650309,-127.5728,35.0498,7.99011472940518,5.88544909959812,8.66123634381281,11.5144718366417,0.511134959822409,3.39665629742846,"CT1.T2.H29_S2","CT1.T2.H29_S2",278,"T1",2,"29","8/8/2021",202.933333333333,200,153.294964028777,"Calanoida",0.542850595783685,0.390741499834028,0.0136577147804858,0.166169564466885
"65",0.5,"ct1_t2_h29","other<living",0,0,5.77466972808624,5774.66972808623,1.55215521552155,278,77.6,18.16554375,23.51706875,68.402375,32.7602,0.0065,80.1,-0.06,0.0202625,312.9815,70.47466667,0.3345,1.135,0.0035,58.565,0.948566667,49.90714574,0.1229,1,524.1840843,11,1,"T1","CT1-T2-H29",-3.394650309,-127.5728,35.0498,-Inf,0,8.66123634381281,8.96318373636347,0,-7.99949731905882,"CT1.T2.H29_S2","CT1.T2.H29_S2",278,"T1",2,"29","8/8/2021",202.933333333333,200,153.294964028777,"other<living",0.124022753005877,0.293760595288734,0.0182495716602224,0.78509421421822
"66",0.5,"ct1_t4_h31","Calanoida",2.88028240459639,2880.28240459639,4.97084107596424,4970.84107596424,34.1818441235489,327.6294556,61.8864886251236,18.11386875,23.52309375,78.3553125,32.751575,0.01,81.135,-0.0975,0.04135,276.3005,58.56533333,0.331,0.9545,-0.0155,50.625,1.3489,43.3434391,39.938,0,353.6559397,84,1,"T1","CT1-T4-H31",-3.259153374,-125.5235,35.09508,7.96564362547423,98.4533641857143,8.5113443353491,169.912514821544,0.579435624792667,4.01427250309243,"CT1.T4.H31_S2","CT1.T4.H31_S2",328,"T1",4,"31","8/9/2021",NA,180.96,NA,"Calanoida",0.763593380614657,0.0908169520003372,0.00511329266734168,0.321690239360226
"67",0.5,"ct1_t4_h31","other<living",0,0,4.97084107596424,4970.84107596424,28.2953506082421,327.6294556,51.2289473684211,18.11386875,23.52309375,78.3553125,32.751575,0.01,81.135,-0.0975,0.04135,276.3005,58.56533333,0.331,0.9545,-0.0155,50.625,1.3489,43.3434391,39.938,0,353.6559397,84,1,"T1","CT1-T4-H31",-3.259153374,-125.5235,35.09508,-Inf,0,8.5113443353491,140.651691062259,0,-7.86808818797284,"CT1.T4.H31_S2","CT1.T4.H31_S2",328,"T1",4,"31","8/9/2021",NA,180.96,NA,"other<living",0.236406619385343,0.5724085075613,0.099444849354775,0.942262574226398
"68",0.5,"ct1_t5_h32","Calanoida",1.59257360344057,1592.57360344057,2.56495540175831,2564.95540175831,64.2348364715355,265.11623,80,17.41111875,23.60625,81.763,32.63924375,0.032,60.184,0.115333333,0.1357875,295.1365,44.66966667,0.364,1.203666667,0.021333333,40.7,2.300733333,40.373965,105.72,0,287.1546375,5,1,"T1","CT1-T5-H32",-2.057413352,-124.7213,35.11383,7.37310660517925,102.298704985889,7.84969637022498,164.759490788727,0.620897190785012,3.14730850704657,"CT1.T5.H32_S2","CT1.T5.H32_S2",265,"T1",5,"32","8/9/2021",NA,212.871221,NA,"Calanoida",0.99091964117684,0.930932346904592,0.0583996581961291,0.271850668481227
"69",0.5,"ct1_t5_h32","other<living",0,0,2.56495540175831,2564.95540175831,64.2348364715355,265.11623,80,17.41111875,23.60625,81.763,32.63924375,0.032,60.184,0.115333333,0.1357875,295.1365,44.66966667,0.364,1.203666667,0.021333333,40.7,2.300733333,40.373965,105.72,0,287.1546375,5,1,"T1","CT1-T5-H32",-2.057413352,-124.7213,35.11383,-Inf,0,7.84969637022498,164.759490788727,0,-5.75968254586459,"CT1.T5.H32_S2","CT1.T5.H32_S2",265,"T1",5,"32","8/9/2021",NA,212.871221,NA,"other<living",0.00219559626121322,0.00366418704561063,0.000180866039680704,0.0169583334434093
"70",0.5,"ct1_t6_h33","Calanoida",3.42163366153381,3421.63366153381,6.50768484862421,6507.68484862421,58.5529635882732,296.719,83.5193408499566,17.67494737,23.63878421,73.37931422,32.76398421,0.004,89.237,-0.021333333,0.0678,286.213,55.58733333,0.339,1.184,0.008,47.647,1.4834,43.86420492,44.366,1,220.3050539,78,1,"T1","CT1-T6-H33",-2.808803596,-123.8861,35.15777,8.1378733948155,200.346791196199,8.78073904193962,381.04423398545,0.525783553003058,3.92573451070063,"CT1.T6.H33_S2","CT1.T6.H33_S2",297,"T1",6,"33","8/9/2021",365.866666666667,208.021,258.693602693603,"Calanoida",0.760393633003055,0.638383952060533,0.036696496326193,0.24547298702436
"71",0.5,"ct1_t6_h33","Oithonidae",0.0641255230538722,64.1255230538722,6.50768484862421,6507.68484862421,58.2477588695028,296.719,83.084,17.67494737,23.63878421,73.37931422,32.76398421,0.004,89.237,-0.021333333,0.0678,286.213,55.58733333,0.339,1.184,0.008,47.647,1.4834,43.86420492,44.366,1,220.3050539,78,1,"T1","CT1-T6-H33",-2.808803596,-123.8861,35.15777,4.1608424602432,3.73516800422269,8.78073904193962,379.05805786138,0.00985381507333272,-0.0512964238716766,"CT1.T6.H33_S2","CT1.T6.H33_S2",297,"T1",6,"33","8/9/2021",365.866666666667,208.021,258.693602693603,"Oithonidae",8.43981567442567e-05,0.0525960397340431,0.00102106413731753,0.302615913562721
"72",0.5,"ct1_t6_h33","other<living",0,0,6.50768484862421,6507.68484862421,47.2786928537265,296.719,67.4378378378378,17.67494737,23.63878421,73.37931422,32.76398421,0.004,89.237,-0.021333333,0.0678,286.213,55.58733333,0.339,1.184,0.008,47.647,1.4834,43.86420492,44.366,1,220.3050539,78,1,"T1","CT1-T6-H33",-2.808803596,-123.8861,35.15777,-Inf,0,8.78073904193962,307.674833146953,0,-7.9961697816217,"CT1.T6.H33_S2","CT1.T6.H33_S2",297,"T1",6,"33","8/9/2021",365.866666666667,208.021,258.693602693603,"other<living",0.0572894687980015,0.124190438250512,0.0062179809460535,0.483101798762887
"73",0.5,"ct1_t7_h34","Calanoida",4.68611309480018,4686.11309480018,8.22905046580917,8229.05046580917,127.965708503838,330.5425622,217.415128052412,16.22978889,24.64262778,71.93337769,33.63152222,0.18025,5.198,4.7105,0.991344444,272.3325,44.66933333,0.55525,2.63575,0.1955,8.935,1.644233333,49.89389011,61.179,1,164.3233095,55,1,"T1","CT1-T7-H34",1.021747674,-123.1012,35.20463,8.45235875339029,599.661782305216,9.01542591226514,1053.0362731711,0.569459758968605,4.02998068986774,"CT1.T7.H34_S2","CT1.T7.H34_S2",331,"T1",7,"34","8/9/2021",1329.6,194.55,843.552870090634,"Calanoida",0.801644706951386,0.379040288647529,0.00405547895236435,0.164799353626243
"74",0.5,"ct1_t7_h34","other<living",0,0,8.22905046580917,8229.05046580917,81.0478337264176,330.5425622,137.701149425287,16.22978889,24.64262778,71.93337769,33.63152222,0.18025,5.198,4.7105,0.991344444,272.3325,44.66933333,0.55525,2.63575,0.1955,8.935,1.644233333,49.89389011,61.179,1,164.3233095,55,1,"T1","CT1-T7-H34",1.021747674,-123.1012,35.20463,-Inf,0,9.01542591226514,666.946713879201,0,-9.11628590738961,"CT1.T7.H34_S2","CT1.T7.H34_S2",331,"T1",7,"34","8/9/2021",1329.6,194.55,843.552870090634,"other<living",0.195220354384371,0.581308544868677,0.0826551779847804,0.954237930080157
"75",0.5,"ct1_t8_h35","Calanoida",0.737531913273544,737.531913273544,2.00226047326529,2002.26047326529,67.52467776575,264.0747622,92.5984251968504,16.601525,24.4496125,62.516375,33.49135,0.13575,34.766,1.831,1.00973125,211.846,24.81766667,0.41225,2.2655,0.52375,19.854,1.631833333,30.76237143,8.3863,0,119.4843272,10,1,"T1","CT1-T8-H35",1.240985634,-122.3004,35.1785,6.60330935951307,49.8016047857531,7.60203205793817,135.201993260337,0.368349634386366,2.45366225899649,"CT1.T8.H35_S2","CT1.T8.H35_S2",264,"T1",8,"35","8/10/2021",NA,192.5687525,NA,"Calanoida",0.859791425260718,0.116292044745224,0.000291350562077315,0.0993883698283499
"76",0.5,"ct1_t8_h35","other<living",0,0,2.00226047326529,2002.26047326529,66.9448405640144,264.0747622,91.8032786885246,16.601525,24.4496125,62.516375,33.49135,0.13575,34.766,1.831,1.00973125,211.846,24.81766667,0.41225,2.2655,0.52375,19.854,1.631833333,30.76237143,8.3863,0,119.4843272,10,1,"T1","CT1-T8-H35",1.240985634,-122.3004,35.1785,-Inf,0,7.60203205793817,134.041008150373,0,-6.66373978013037,"CT1.T8.H35_S2","CT1.T8.H35_S2",264,"T1",8,"35","8/10/2021",NA,192.5687525,NA,"other<living",0.00344678594575486,0.00499283034094596,3.05037121739332e-05,0.0345198095432417
"77",0.5,"ct2_t1_h36","Calanoida",0.665669359746007,665.669359746007,1.06111780106413,1061.11780106413,482.581745886181,273.2546282,583.529411764706,15.831225,24.523775,70.634,33.3592625,0.188328994,24.13100104,6.475130769,2.00485,144.391,19.85366667,0.649509372,5.675964988,0.23236203,17.868,2.443066667,23.89114571,68.88,1,395.8283457,60,1,"T2","CT2-T1-H36",2.177361041,-121.6069,35.56327,6.50079309042706,321.239881809165,6.96707816078645,512.076081028432,0.627328425815164,2.4349893261643,"CT2.T1.H36_S2","CT2.T1.H36_S2",273,"T2",1,"36","8/10/2021",NA,225.982946,NA,"Calanoida",0.992489687058082,0.309908063104525,0.00613599131865896,0.129106537810024
"78",0.5,"ct2_t1_h36","Oithonidae",0.0146684008186714,14.6684008186714,1.06111780106413,1061.11780106413,529.283205165489,273.2546282,640,15.831225,24.523775,70.634,33.3592625,0.188328994,24.13100104,6.475130769,2.00485,144.391,19.85366667,0.649509372,5.675964988,0.23236203,17.868,2.443066667,23.89114571,68.88,1,395.8283457,60,1,"T2","CT2-T1-H36",2.177361041,-121.6069,35.56327,2.68569557589732,7.76373819995847,6.96707816078645,561.631830805377,0.0138235366553661,-1.38010818836545,"CT2.T1.H36_S2","CT2.T1.H36_S2",273,"T2",1,"36","8/10/2021",NA,225.982946,NA,"Oithonidae",0.00211754189289195,0.577944790415191,0.0754884328686263,0.886970907902896
"79",0.5,"ct2_t1_h36","other<living",0,0,1.06111780106413,1061.11780106413,436.658644261528,273.2546282,528,15.831225,24.523775,70.634,33.3592625,0.188328994,24.13100104,6.475130769,2.00485,144.391,19.85366667,0.649509372,5.675964988,0.23236203,17.868,2.443066667,23.89114571,68.88,1,395.8283457,60,1,"T2","CT2-T1-H36",2.177361041,-121.6069,35.56327,-Inf,0,6.96707816078645,463.346260414436,0,-5.07799738283683,"CT2.T1.H36_S2","CT2.T1.H36_S2",273,"T2",1,"36","8/10/2021",NA,225.982946,NA,"other<living",0.00123095860901677,0.00177931048782566,1.55167646447959e-05,0.0112575917028214
"80",0.5,"ct2_t4_h39","Calanoida",1.22590055080076,1225.90055080076,1.86141276827491,1861.41276827491,220.394964777985,307.8703307,392.373737373737,16.11135,24.6348375,81.589375,33.58603125,0.180388032,26.97258367,6.151914118,1.3498,244.565,19.854,0.633395467,5.435990441,0.222955797,13.898,2.579066667,32.90561905,46.21,1,41.86359276,45,1,"T2","CT2-T4-H39",1.910761547,-121.2592,35.13105,7.11143099640402,270.182308715046,7.52909103122895,410.24600150124,0.658586086704928,3.36685356418505,"CT2.T4.H39_S2","CT2.T4.H39_S2",308,"T2",4,"39","8/10/2021",NA,172.9296949,NA,"Calanoida",0.753229216395008,0.22923891778573,0.00118161415840892,0.156234469468539
"81",0.5,"ct2_t4_h39","other<living",0,0,1.86141276827491,1861.41276827491,222.431823893838,307.8703307,396,16.11135,24.6348375,81.589375,33.58603125,0.180388032,26.97258367,6.151914118,1.3498,244.565,19.854,0.633395467,5.435990441,0.222955797,13.898,2.579066667,32.90561905,46.21,1,41.86359276,45,1,"T2","CT2-T4-H39",1.910761547,-121.2592,35.13105,-Inf,0,7.52909103122895,414.037437066665,0,-6.44405324633365,"CT2.T4.H39_S2","CT2.T4.H39_S2",308,"T2",4,"39","8/10/2021",NA,172.9296949,NA,"other<living",0.00156857396167224,0.00266844961299858,2.61578530224562e-05,0.0170648882639954
"82",0.5,"ct2_t8_h43","Calanoida",3.92797233215315,3927.97233215315,5.04642284577546,5046.42284577546,236.373472188348,270.37903068,328.504098360656,15.68699375,25.07190625,77.0835625,34.03350625,0.211496484,5.491,7.418104457,1.07124375,161.261,14.891,0.696521147,6.376082642,0.259804398,9.927,1.530533333,40.83314211,43.725,1,52.40822911,47,1,"T2","CT2-T8-H43",2.955154777,-120.8298,34.54325,8.27587862570035,928.468458810805,8.52643492390167,1192.84049018655,0.778367658081091,3.16130782332699,"CT2.T8.H43_S2","CT2.T8.H43_S2",270,"T2",8,"43","8/11/2021",NA,194.549872003685,NA,"Calanoida",0.986144219308701,0.81377418426734,0.0199024837849698,0.316576846145272
"83",1,"c1_t7_h9","Calanoida",0.850040946100203,850.040946100203,2.41840084096279,2418.40084096279,46.8945035460993,282,65,13.6354125,25.27231875,68.65825,33.72105625,0.271166667,4.793,17.5485,4.377575,127.52,14.88966667,1.386,16.9485,0.108,10.919,4.7989,34.31751471,43.229,1,54.45089622,30,2,"1","C1-T7-H9",6.573255037,-122.4661,36.18643,6.74528452020673,39.8622481612256,7.79086179120038,113.409706812419,0.351488856479968,3.3521663341394,"C1.T7.H9_S3","C1.T7.H9_S3",282,"1",7,"9","7/25/2021",876.266666666667,203.45,652.539007092199,"Calanoida",0.690199830315721,0.562878884479492,0.0108421417929213,0.317838111248784
"84",1,"c1_t7_h9","Euphausiacea",0.00400314765890542,4.00314765890542,2.41840084096279,2418.40084096279,72.145390070922,282,100,13.6354125,25.27231875,68.65825,33.72105625,0.271166667,4.793,17.5485,4.377575,127.52,14.88966667,1.386,16.9485,0.108,10.919,4.7989,34.31751471,43.229,1,54.45089622,30,2,"1","C1-T7-H9",6.573255037,-122.4661,36.18643,1.38708096639118,0.28880864936323,7.79086179120038,174.476472019106,0.00165528707693954,-2.00603721967614,"C1.T7.H9_S3","C1.T7.H9_S3",282,"1",7,"9","7/25/2021",876.266666666667,203.45,652.539007092199,"Euphausiacea",0.225734245536762,0.298937827488266,0.0218825115009174,0.784963710066179
"85",1,"c1_t7_h9","other<living",0,0,2.41840084096279,2418.40084096279,38.1339918946302,282,52.8571428571429,13.6354125,25.27231875,68.65825,33.72105625,0.271166667,4.793,17.5485,4.377575,127.52,14.88966667,1.386,16.9485,0.108,10.919,4.7989,34.31751471,43.229,1,54.45089622,30,2,"1","C1-T7-H9",6.573255037,-122.4661,36.18643,-Inf,0,7.79086179120038,92.2232780672418,0,-12.4006136216945,"C1.T7.H9_S3","C1.T7.H9_S3",282,"1",7,"9","7/25/2021",876.266666666667,203.45,652.539007092199,"other<living",0.084065924147517,0.0702594859111811,0.000771400429994702,0.406374607308733
"86",1,"c1_t8_h10","Calanoida",3.71472771957634,3714.72771957634,5.62021577685055,5620.21577685055,134.307927187317,286,188.091603053435,14.52624375,25.12710625,73.9570625,33.7726125,0.293333333,5.056,6.879666667,3.06598125,117.599,33.74833333,0.619,4.617666667,0.519666667,8.4375,3.9444,39.60784898,93.982,0,57.2760461,30,2,"1","C1-T8-H10",4.157659552,-122.4958,36.11382,8.2200606622926,498.917380081565,8.63412533660808,754.839531334251,0.660958202864231,3.97964270993985,"C1.T8.H10_S3","C1.T8.H10_S3",286,"1",8,"10","7/25/2021",929.6,NA,682.573426573427,"Calanoida",0.346932822137023,0.331570298867148,0.00323948203015818,0.238334138516984
"87",1,"c1_t8_h10","other<living",0,0,5.62021577685055,5620.21577685055,152.331934731935,286,213.333333333333,14.52624375,25.12710625,73.9570625,33.7726125,0.293333333,5.056,6.879666667,3.06598125,117.599,33.74833333,0.619,4.617666667,0.519666667,8.4375,3.9444,39.60784898,93.982,0,57.2760461,30,2,"1","C1-T8-H10",4.157659552,-122.4958,36.11382,-Inf,0,8.63412533660808,856.138342898588,0,-13.1216137968295,"C1.T8.H10_S3","C1.T8.H10_S3",286,"1",8,"10","7/25/2021",929.6,NA,682.573426573427,"other<living",0.00631355225870978,0.00156330026186271,4.72536584540257e-06,0.0106961224415946
"88",1,"c2_t8_h18","Calanoida",3.79131989666103,3791.31989666103,9.33217305993655,9332.17305993655,53.4478205598338,303,80.5185185185185,15.59365,24.5697,64.668,33.34975,0.221166667,4.771,6.914333333,1.7352,127.517,14.88933333,0.475166667,5.279,0.129666667,14.889,8.5157,12.36120755,10.001,0,89.04467932,6,2,"2","C2-T8-H18",3.495869841,-123.0914,36.42905,8.24046949514304,202.637785521666,9.14122317775468,498.784311140803,0.406263350702029,3.12519897078097,"C2.T8.H18_S3","C2.T8.H18_S3",303,"2",8,"18","7/30/2021",NA,201.13,NA,"Calanoida",0.0978175796472207,0.311805985780049,0.00738308024685368,0.139397836536238
"89",1,"c2_t8_h18","other<living",0,0,9.33217305993655,9332.17305993655,53.1036303630363,303,80,15.59365,24.5697,64.668,33.34975,0.221166667,4.771,6.914333333,1.7352,127.517,14.88933333,0.475166667,5.279,0.129666667,14.889,8.5157,12.36120755,10.001,0,89.04467932,6,2,"2","C2-T8-H18",3.495869841,-123.0914,36.42905,-Inf,0,9.14122317775468,495.572268658756,0,-12.2121344937947,"C2.T8.H18_S3","C2.T8.H18_S3",303,"2",8,"18","7/30/2021",NA,201.13,NA,"other<living",0.60779871312171,0.284625547302095,0.00841820512177676,0.826134793353407
"90",1,"c2_t9_h19","Calanoida",2.70254807581515,2702.54807581515,36.3317736259335,36331.7736259335,67.3454715219421,252,78.1176470588235,15.85675,24.06715,69.2275,32.7728,0.3052,4.576,7.3326,1.59615,129.5,30.76966667,0.668,5.1062,0.433,26.8,4.107233333,18.6269982,11.23,1,107.295263,6,2,"2","C2-T9-H19",2.811058313,-123.226,36.46062,7.90195033874094,182.004374476489,10.5004479438951,2446.78042606695,0.074385250322216,1.83115570227055,"C2.T9.H19_S3","C2.T9.H19_S3",252,"2",9,"19","7/31/2021",385.6,NA,321.333333333333,"Calanoida",0.455638786418731,0.701318226036029,0.00728192821494121,0.194997082146306
"91",1,"c2_t9_h19","Euphausiacea",0.0503227939759508,50.3227939759508,36.3317736259335,36331.7736259335,17.2420634920635,252,20,15.85675,24.06715,69.2275,32.7728,0.3052,4.576,7.3326,1.59615,129.5,30.76966667,0.668,5.1062,0.433,26.8,4.107233333,18.6269982,11.23,1,107.295263,6,2,"2","C2-T9-H19",2.811058313,-123.226,36.46062,3.91845813501514,0.867668808831375,10.5004479438951,626.434747637623,0.00138509048564672,-2.15233650145526,"C2.T9.H19_S3","C2.T9.H19_S3",252,"2",9,"19","7/31/2021",385.6,NA,321.333333333333,"Euphausiacea",0.27213355416698,0.00338819695311846,7.82147409596497e-05,0.019034639674725
"92",1,"c2_t9_h19","other<living",0,0,36.3317736259335,36331.7736259335,47.0238095238095,252,54.5454545454545,15.85675,24.06715,69.2275,32.7728,0.3052,4.576,7.3326,1.59615,129.5,30.76966667,0.668,5.1062,0.433,26.8,4.107233333,18.6269982,11.23,1,107.295263,6,2,"2","C2-T9-H19",2.811058313,-123.226,36.46062,-Inf,0,10.5004479438951,1708.45840264806,0,-13.5668719237973,"C2.T9.H19_S3","C2.T9.H19_S3",252,"2",9,"19","7/31/2021",385.6,NA,321.333333333333,"other<living",0.259466987879244,0.0244442019491948,0.000421952569877945,0.13662858217354
"93",1,"c3_t6_h25","Calanoida",2.54129529094883,2541.29529094883,12.6724054583573,12672.4054583573,19.9885857218156,290.23,32.9787234042553,18.84853125,23.309125,79.10425,32.70948125,0.0165,114.277,-0.069,-0.00258125,349.6695,109.1806667,0.336,1.0475,-0.013,22.833,0.642766667,36.93443854,8.3977,0,772.3392208,103,2,"3","C3-T6-H25",-4.6044581,-130.477,34.56042,7.84042918709514,50.7968987675772,9.44718210994048,253.303462805979,0.200537719480312,2.24109830687897,"C3.T6.H25_S3","C3.T6.H25_S3",290,"3",6,"25","8/5/2021",206.933333333333,NA,149.848275862069,"Calanoida",0.841400172860847,0.423813203737007,0.012931538870784,0.46474985514555
"94",1,"c3_t6_h25","other<living",0,0,12.6724054583573,12672.4054583573,20.4161853484623,290.23,33.6842105263158,18.84853125,23.309125,79.10425,32.70948125,0.0165,114.277,-0.069,-0.00258125,349.6695,109.1806667,0.336,1.0475,-0.013,22.833,0.642766667,36.93443854,8.3977,0,772.3392208,103,2,"3","C3-T6-H25",-4.6044581,-130.477,34.56042,-Inf,0,9.44718210994048,258.722178648688,0,-11.8917588051216,"C3.T6.H25_S3","C3.T6.H25_S3",290,"3",6,"25","8/5/2021",206.933333333333,NA,149.848275862069,"other<living",0.0965859982713915,0.109678817680444,0.000299807419246462,0.671466503628623
"95",1,"c3_t7_h26","Calanoida",2.20518393749953,2205.18393749953,10.8265538844149,10826.5538844149,35.9637125555479,280.2,46.7741935483871,18.9034875,23.2842875,72.4185,32.6949375,0.0215,109.923,-0.061,0.03025,361.5635,105.2116667,0.3,1.2055,-0.0135,22.834,0.657333333,34.44530282,0.053271,1,772.3906546,103,2,"3","C3-T7-H26",-4.437854817,-130.4595,34.52752,7.69856620276896,79.3066012603443,9.28975708847334,389.363071866248,0.203682904185601,2.33191636363974,"C3.T7.H26_S3","C3.T7.H26_S3",280,"3",7,"26","8/6/2021",67.7333333333333,215.44,50.8,"Calanoida",0.00106740532291216,0.00914549890395023,9.23699073136858e-05,0.0172472009697059
"96",1,"c3_t7_h26","other<living",0,0,10.8265538844149,10826.5538844149,27.0645538900785,280.2,35.2,18.9034875,23.2842875,72.4185,32.6949375,0.0215,109.923,-0.061,0.03025,361.5635,105.2116667,0.3,1.2055,-0.0135,22.834,0.657333333,34.44530282,0.053271,1,772.3906546,103,2,"3","C3-T7-H26",-4.437854817,-130.4595,34.52752,-Inf,0,9.28975708847334,293.015851048586,0,-11.8346262297737,"C3.T7.H26_S3","C3.T7.H26_S3",280,"3",7,"26","8/6/2021",67.7333333333333,215.44,50.8,"other<living",0.998932594677088,0.942996763749265,0.472664447041741,0.99936247597607
"97",1,"ct1_t1_h28","Calanoida",5.65441386942197,5654.41386942197,14.0838973566329,14083.8973566329,1.15070330562468,279,57.5294117647059,17.38964375,23.8663625,65.336625,32.97244375,0.013,59.8,0.207,0.26435,361.5505,43.67766667,0.370333333,1.022333333,0.021666667,39.707,2.921366667,44.12433944,112.6,0,602.6631245,5,2,"T1","CT1-T1-H28",-2.054216937,-128.5755,34.96055,8.64019173497713,6.5065527309139,9.55278739230696,16.2063872443562,0.401480763899417,3.49431909348901,"CT1.T1.H28_S3","CT1.T1.H28_S3",279,"T1",1,"28","8/7/2021",880.533333333333,200,662.767025089606,"Calanoida",0.16852068597018,0.416226306933462,0.00396662321620567,0.199845620500871
"98",1,"ct1_t1_h28","other<living",0,0,14.0838973566329,14083.8973566329,1.18850594736893,279,59.4193548387097,17.38964375,23.8663625,65.336625,32.97244375,0.013,59.8,0.207,0.26435,361.5505,43.67766667,0.370333333,1.022333333,0.021666667,39.707,2.921366667,44.12433944,112.6,0,602.6631245,5,2,"T1","CT1-T1-H28",-2.054216937,-128.5755,34.96055,-Inf,0,9.55278739230696,16.7387957704918,0,-11.5228462567165,"CT1.T1.H28_S3","CT1.T1.H28_S3",279,"T1",1,"28","8/7/2021",880.533333333333,200,662.767025089606,"other<living",0.802493511780571,0.452191510586146,0.0312632966755032,0.921379939643633
"99",1,"ct1_t2_h29","Calanoida",2.11998501447402,2119.98501447402,9.90578377804333,9905.78377804333,1.04894210351268,278,52.4418604651163,18.16554375,23.51706875,68.402375,32.7602,0.0065,80.1,-0.06,0.0202625,312.9815,70.47466667,0.3345,1.135,0.0035,58.565,0.948566667,49.90714574,0.1229,1,524.1840843,11,2,"T1","CT1-T2-H29",-3.394650309,-127.5728,35.0498,7.65916429899674,2.22374154049773,9.20087408553699,10.3905936730825,0.214014868684401,3.51271122480339,"CT1.T2.H29_S3","CT1.T2.H29_S3",278,"T1",2,"29","8/8/2021",212.266666666667,200,160.345323741007,"Calanoida",0.891012147886162,0.824453228700324,0.0313989442644571,0.241588766973049
"100",1,"ct1_t2_h29","Euphausiacea",0.00131097543230444,1.31097543230444,9.90578377804333,9905.78377804333,0.4000400040004,278,20,18.16554375,23.51706875,68.402375,32.7602,0.0065,80.1,-0.06,0.0202625,312.9815,70.47466667,0.3345,1.135,0.0035,58.565,0.948566667,49.90714574,0.1229,1,524.1840843,11,2,"T1","CT1-T2-H29",-3.394650309,-127.5728,35.0498,0.270771464944981,0.000524442617183494,9.20087408553699,3.96270978219555,0.000132344442568016,-3.87568160924837,"CT1.T2.H29_S3","CT1.T2.H29_S3",278,"T1",2,"29","8/8/2021",212.266666666667,200,160.345323741007,"Euphausiacea",0.000600465855927786,0.000933838563536173,1.2565686028641e-05,0.00559088517317837
"101",1,"ct1_t2_h29","other<living",0,0,9.90578377804333,9905.78377804333,1.41014101410141,278,70.5,18.16554375,23.51706875,68.402375,32.7602,0.0065,80.1,-0.06,0.0202625,312.9815,70.47466667,0.3345,1.135,0.0035,58.565,0.948566667,49.90714574,0.1229,1,524.1840843,11,2,"T1","CT1-T2-H29",-3.394650309,-127.5728,35.0498,-Inf,0,9.20087408553699,13.9685519822393,0,-12.2088408462901,"CT1.T2.H29_S3","CT1.T2.H29_S3",278,"T1",2,"29","8/8/2021",212.266666666667,200,160.345323741007,"other<living",0.10838738625791,0.120872801116138,0.00154079333422956,0.613876059687687
"102",1,"ct1_t3_h30","Calanoida",0.0366410998450669,36.6410998450669,0.425371577436501,425.371577436501,38.2194513120021,279.09,53.3333333333333,18.16806875,23.51549375,70.3971875,32.75895,0.0085,94.339,-0.073,0.00883125,258.4555,78.41433333,0.3345,1.0805,0.007,73.452,1.302366667,47.52148287,24.685,1,450.7865706,86,2,"T1","CT1-T3-H30",-3.727302931,-126.6352,35.02288,3.60117055696095,1.40040273154674,6.05296308679752,16.2574682933439,0.0861390412257542,1.06263380305905,"CT1.T3.H30_S3","CT1.T3.H30_S3",301,"T1",3,"30","8/8/2021",61.6,200,42.9767441860465,"Calanoida",0.870533956000675,0.682667903972456,0.0161893457157837,0.421137443678941
"103",1,"ct1_t3_h30","other<living",0,0,0.425371577436501,425.371577436501,36.854470908002,279.09,51.4285714285714,18.16806875,23.51549375,70.3971875,32.75895,0.0085,94.339,-0.073,0.00883125,258.4555,78.41433333,0.3345,1.0805,0.007,73.452,1.302366667,47.52148287,24.685,1,450.7865706,86,2,"T1","CT1-T3-H30",-3.727302931,-126.6352,35.02288,-Inf,0,6.05296308679752,15.6768444257245,0,-9.9527822811017,"CT1.T3.H30_S3","CT1.T3.H30_S3",301,"T1",3,"30","8/8/2021",61.6,200,42.9767441860465,"other<living",0.129466043999325,0.193504234322298,0.00102573257907899,0.851070552591559
"104",1,"ct1_t4_h31","Calanoida",0.690348694098806,690.348694098806,4.22269039009822,4222.69039009822,25.7230150497581,327.6294556,46.5717142857143,18.11386875,23.52309375,78.3553125,32.751575,0.01,81.135,-0.0975,0.04135,276.3005,58.56533333,0.331,0.9545,-0.0155,50.625,1.3489,43.3434391,39.938,0,353.6559397,84,2,"T1","CT1-T4-H31",-3.259153374,-125.5235,35.09508,6.53719682370948,17.7578498478844,8.34822773709073,108.620328454965,0.163485510497668,1.88579411456733,"CT1.T4.H31_S3","CT1.T4.H31_S3",328,"T1",4,"31","8/9/2021",NA,180.96,NA,"Calanoida",0.00256728729252218,0.0291014475766118,0.000244741620590841,0.022835252777895
"105",1,"ct1_t4_h31","other<living",0,0,4.22269039009822,4222.69039009822,32.680613958814,327.6294556,59.1685,18.11386875,23.52309375,78.3553125,32.751575,0.01,81.135,-0.0975,0.04135,276.3005,58.56533333,0.331,0.9545,-0.0155,50.625,1.3489,43.3434391,39.938,0,353.6559397,84,2,"T1","CT1-T4-H31",-3.259153374,-125.5235,35.09508,-Inf,0,8.34822773709073,138.000114506394,0,-10.4747140989194,"CT1.T4.H31_S3","CT1.T4.H31_S3",328,"T1",4,"31","8/9/2021",NA,180.96,NA,"other<living",0.983348289366557,0.844848881879049,0.231080490228504,0.996006653534136
"106",1,"ct1_t5_h32","Calanoida",1.05779389370395,1057.79389370395,4.80042758207121,4800.42758207121,64.2348364715355,265.11623,80,17.41111875,23.60625,81.763,32.63924375,0.032,60.184,0.115333333,0.1357875,295.1365,44.66966667,0.364,1.203666667,0.021333333,40.7,2.300733333,40.373965,105.72,0,287.1546375,5,2,"T1","CT1-T5-H32",-2.057413352,-124.7213,35.11383,6.96394078597762,67.9472177826622,8.4764602725268,308.354680727793,0.220354098800414,2.26350150015276,"CT1.T5.H32_S3","CT1.T5.H32_S3",265,"T1",5,"32","8/9/2021",NA,212.871221,NA,"Calanoida",0.163720499768626,0.385464433536321,0.00542391030777463,0.198594921087606
"107",1,"ct1_t5_h32","other<living",0,0,4.80042758207121,4800.42758207121,64.2348364715355,265.11623,80,17.41111875,23.60625,81.763,32.63924375,0.032,60.184,0.115333333,0.1357875,295.1365,44.66966667,0.364,1.203666667,0.021333333,40.7,2.300733333,40.373965,105.72,0,287.1546375,5,2,"T1","CT1-T5-H32",-2.057413352,-124.7213,35.11383,-Inf,0,8.4764602725268,308.354680727793,0,-11.9332067205189,"CT1.T5.H32_S3","CT1.T5.H32_S3",265,"T1",5,"32","8/9/2021",NA,212.871221,NA,"other<living",0.829773253123554,0.509915115973143,0.055232538280674,0.932420291557563
"108",1,"ct1_t7_h34","Calanoida",6.86186637301628,6861.86637301628,17.5060719553067,17506.0719553067,55.1417551572979,330.5425622,93.6864406779661,16.22978889,24.64262778,71.93337769,33.63152222,0.18025,5.198,4.7105,0.991344444,272.3325,44.66933333,0.55525,2.63575,0.1955,8.935,1.644233333,49.89389011,61.179,1,164.3233095,55,2,"T1","CT1-T7-H34",1.021747674,-123.1012,35.20463,8.83373474975404,378.375355462959,9.7703030686065,965.315533525563,0.39197064827191,3.22696544515588,"CT1.T7.H34_S3","CT1.T7.H34_S3",331,"T1",7,"34","8/9/2021",1223.2,194.55,776.04833836858,"Calanoida",0.827133663888596,0.64363507218905,0.0218727717394651,0.277918116793771
"109",1,"ct1_t7_h34","other<living",0,0,17.5060719553067,17506.0719553067,51.9701636893459,330.5425622,88.2978723404255,16.22978889,24.64262778,71.93337769,33.63152222,0.18025,5.198,4.7105,0.991344444,272.3325,44.66933333,0.55525,2.63575,0.1955,8.935,1.644233333,49.89389011,61.179,1,164.3233095,55,2,"T1","CT1-T7-H34",1.021747674,-123.1012,35.20463,-Inf,0,9.7703030686065,909.793425074758,0,-11.8086436341699,"CT1.T7.H34_S3","CT1.T7.H34_S3",331,"T1",7,"34","8/9/2021",1223.2,194.55,776.04833836858,"other<living",0.0575166156767591,0.0568788099596773,0.00065305251027754,0.342189032599268
"110",1,"ct1_t8_h35","Calanoida",1.40905778572925,1409.05778572925,4.68852505710222,4688.52505710222,106.95235242489,264.0747622,146.666666666667,16.601525,24.4496125,62.516375,33.49135,0.13575,34.766,1.831,1.00973125,211.846,24.81766667,0.41225,2.2655,0.52375,19.854,1.631833333,30.76237143,8.3863,0,119.4843272,10,2,"T1","CT1-T8-H35",1.240985634,-122.3004,35.1785,7.25067652293085,150.702044886349,8.45287332522041,501.448784260123,0.300533274018616,2.62733979944391,"CT1.T8.H35_S3","CT1.T8.H35_S3",264,"T1",8,"35","8/10/2021",NA,192.5687525,NA,"Calanoida",0.3885184582859,0.068694677886278,2.10917054447238e-05,0.0721244233133485
"111",1,"ct1_t8_h35","other<living",0,0,4.68852505710222,4688.52505710222,80.2142643186672,264.0747622,110,16.601525,24.4496125,62.516375,33.49135,0.13575,34.766,1.831,1.00973125,211.846,24.81766667,0.41225,2.2655,0.52375,19.854,1.631833333,30.76237143,8.3863,0,119.4843272,10,2,"T1","CT1-T8-H35",1.240985634,-122.3004,35.1785,-Inf,0,8.45287332522041,376.086588195092,0,-12.0854778928079,"CT1.T8.H35_S3","CT1.T8.H35_S3",264,"T1",8,"35","8/10/2021",NA,192.5687525,NA,"other<living",0.00796877541063588,0.00034120734912374,2.61840461806315e-07,0.00249053747126129
"112",1,"ct2_t1_h36","Calanoida",1.06521371285578,1065.21371285578,2.67535272044676,2675.35272044676,124.050751210661,273.2546282,150,15.831225,24.523775,70.634,33.3592625,0.188328994,24.13100104,6.475130769,2.00485,144.391,19.85366667,0.649509372,5.675964988,0.23236203,17.868,2.443066667,23.89114571,68.88,1,395.8283457,60,2,"T2","CT2-T1-H36",2.177361041,-121.6069,35.56327,6.97093072736028,132.140561279658,7.89183650874853,331.879514724907,0.398158233385355,2.86521085878333,"CT2.T1.H36_S3","CT2.T1.H36_S3",273,"T2",1,"36","8/10/2021",NA,225.982946,NA,"Calanoida",0.985269766529331,0.877074866726617,0.0137394611158431,0.348052884293143
"113",1,"ct2_t1_h36","other<living",0,0,2.67535272044676,2675.35272044676,66.1604006456861,273.2546282,80,15.831225,24.523775,70.634,33.3592625,0.188328994,24.13100104,6.475130769,2.00485,144.391,19.85366667,0.649509372,5.675964988,0.23236203,17.868,2.443066667,23.89114571,68.88,1,395.8283457,60,2,"T2","CT2-T1-H36",2.177361041,-121.6069,35.56327,-Inf,0,7.89183650874853,177.002407853284,0,-11.844346955847,"CT2.T1.H36_S3","CT2.T1.H36_S3",273,"T2",1,"36","8/10/2021",NA,225.982946,NA,"other<living",0.00466941338041986,0.000568064914769762,8.91561113781227e-06,0.0034056365153177
"114",1,"ct2_t4_h39","Calanoida",3.22404866845315,3224.04866845315,11.3608059082412,11360.8059082412,69.4758614398228,307.8703307,123.68932038835,16.11135,24.6348375,81.589375,33.58603125,0.180388032,26.97258367,6.151914118,1.3498,244.565,19.854,0.633395467,5.435990441,0.222955797,13.898,2.579066667,32.90561905,46.21,1,41.86359276,45,2,"T2","CT2-T4-H39",1.910761547,-121.2592,35.13105,8.07839319918664,223.993558564697,9.3379246323857,789.301777125687,0.283786968503212,2.28991384206938,"CT2.T4.H39_S3","CT2.T4.H39_S3",308,"T2",4,"39","8/10/2021",NA,172.9296949,NA,"Calanoida",0.854930443096014,0.681535526799193,0.0159813024385062,0.337196804499566
"115",1,"ct2_t4_h39","other<living",0,0,11.3608059082412,11360.8059082412,38.0225339989466,307.8703307,67.6923076923077,16.11135,24.6348375,81.589375,33.58603125,0.180388032,26.97258367,6.151914118,1.3498,244.565,19.854,0.633395467,5.435990441,0.222955797,13.898,2.579066667,32.90561905,46.21,1,41.86359276,45,2,"T2","CT2-T4-H39",1.910761547,-121.2592,35.13105,-Inf,0,9.3379246323857,431.966628901535,0,-11.9952707124691,"CT2.T4.H39_S3","CT2.T4.H39_S3",308,"T2",4,"39","8/10/2021",NA,172.9296949,NA,"other<living",0.100164868397947,0.0566849309215792,0.000755398034828101,0.332332806935525
"116",1,"ct2_t8_h43","Calanoida",9.19971805256129,9199.71805256129,25.6020778550649,25602.0778550649,140.007846920899,270.37903068,194.578313253012,15.68699375,25.07190625,77.0835625,34.03350625,0.211496484,5.491,7.418104457,1.07124375,161.261,14.891,0.696521147,6.376082642,0.259804398,9.927,1.530533333,40.83314211,43.725,1,52.40822911,47,2,"T2","CT2-T8-H43",2.955154777,-120.8298,34.54325,9.12692811610679,1288.03271681843,10.1504287933873,3584.49179718885,0.35933482058142,3.7735309908652,"CT2.T8.H43_S3","CT2.T8.H43_S3",270,"T2",8,"43","8/11/2021",NA,194.549872003685,NA,"Calanoida",0.746114223239143,0.652408198428569,0.0199301056334863,0.265950773255766
"117",1,"ct2_t8_h43","Euphausiacea",0.0124560904890338,12.4560904890338,25.6020778550649,25602.0778550649,172.690793229988,270.37903068,240,15.68699375,25.07190625,77.0835625,34.03350625,0.211496484,5.491,7.418104457,1.07124375,161.261,14.891,0.696521147,6.376082642,0.259804398,9.927,1.530533333,40.83314211,43.725,1,52.40822911,47,2,"T2","CT2-T8-H43",2.955154777,-120.8298,34.54325,2.52220969919974,2.15105214709576,10.1504287933873,4421.24313312706,0.000486526545210455,-2.83118742604185,"CT2.T8.H43_S3","CT2.T8.H43_S3",270,"T2",8,"43","8/11/2021",NA,194.549872003685,NA,"Euphausiacea",0.252048556711489,0.309733638045326,0.0370929488821016,0.765738595295587
"118",1,"ct2_t8_h43","other<living",0,0,25.6020778550649,25602.0778550649,190.467786650722,270.37903068,264.705882352941,15.68699375,25.07190625,77.0835625,34.03350625,0.211496484,5.491,7.418104457,1.07124375,161.261,14.891,0.696521147,6.376082642,0.259804398,9.927,1.530533333,40.83314211,43.725,1,52.40822911,47,2,"T2","CT2-T8-H43",2.955154777,-120.8298,34.54325,-Inf,0,10.1504287933873,4876.37110271367,0,-12.8231309295588,"CT2.T8.H43_S3","CT2.T8.H43_S3",270,"T2",8,"43","8/11/2021",NA,194.549872003685,NA,"other<living",0.00183722004936824,0.00108262461110787,8.44027285099417e-06,0.00709158479486415
